/*
SQLyog Ultimate v9.31 GA
MySQL - 5.6.16 : Database - quotemax
*********************************************************************
*/

/*!40101 SET NAMES utf8 */;

/*!40101 SET SQL_MODE=''*/;

/*!40014 SET @OLD_UNIQUE_CHECKS=@@UNIQUE_CHECKS, UNIQUE_CHECKS=0 */;
/*!40014 SET @OLD_FOREIGN_KEY_CHECKS=@@FOREIGN_KEY_CHECKS, FOREIGN_KEY_CHECKS=0 */;
/*!40101 SET @OLD_SQL_MODE=@@SQL_MODE, SQL_MODE='NO_AUTO_VALUE_ON_ZERO' */;
/*!40111 SET @OLD_SQL_NOTES=@@SQL_NOTES, SQL_NOTES=0 */;
/*Table structure for table `category` */

CREATE TABLE `category` (
  `id` int(11) NOT NULL AUTO_INCREMENT,
  `name` varchar(255) COLLATE utf8_unicode_ci NOT NULL,
  `weightOrder` int(11) DEFAULT NULL,
  `methodOfChoice` varchar(2) COLLATE utf8_unicode_ci DEFAULT NULL,
  `isActive` tinyint(1) NOT NULL,
  `slug` varchar(100) COLLATE utf8_unicode_ci NOT NULL,
  PRIMARY KEY (`id`),
  UNIQUE KEY `UNIQ_64C19C1989D9B62` (`slug`)
) ENGINE=InnoDB AUTO_INCREMENT=34 DEFAULT CHARSET=utf8 COLLATE=utf8_unicode_ci;

/*Data for the table `category` */

insert  into `category`(`id`,`name`,`weightOrder`,`methodOfChoice`,`isActive`,`slug`) values (1,'Thickness',1,'O',1,'thickness'),(2,'Led',NULL,'O',1,'led'),(3,'Consumables (paint/potting)',NULL,'M',1,'consumables-paint-potting'),(4,'Illuminated Area',NULL,'O',1,'illuminated-area'),(5,'Options (Front)',NULL,'O',1,'options-front'),(6,'Labour Cost',NULL,'M',1,'labour-cost'),(8,'Extra Rules',NULL,'O',1,'extra-rules'),(9,'Options (Return) (DELETED BY ADMIN)',NULL,'O',0,'options-return'),(10,'Face Details',NULL,'O',1,'face-details'),(11,'Special Design',NULL,'O',1,'special-design'),(12,'Raw Material',NULL,'O',1,'raw-material'),(13,'Mounting',NULL,'O',1,'mounting'),(14,'Option',NULL,'O',1,'option'),(15,'Letter Thickness',NULL,'O',1,'letter-thickness'),(16,'Front Cover Material',NULL,'O',1,'front-cover-material'),(17,'Return',NULL,'O',1,'return'),(18,'Options',NULL,'O',1,'options'),(19,'Led - Acrynox',NULL,'M',1,'led-acrynox'),(20,'Consumables (paint, potting) - Acrynox',NULL,'M',0,'consumables-paint-potting-acrynox'),(21,'Raw Material',NULL,'O',1,'raw-material-1'),(22,'Thickness',NULL,'O',1,'thickness-1'),(23,'Mounting',NULL,'O',1,'mounting-1'),(24,'Laser Cutting Service',NULL,'O',1,'laser-cutting-service'),(25,'Raw Material',NULL,'O',1,'raw-material-2'),(26,'Logo/Text Colors',NULL,'O',1,'logo-text-colors'),(27,'Mounting',NULL,'O',1,'mounting-2'),(28,'Acid Etching',NULL,'M',1,'acid-etching'),(29,'Labour cost - Acrylic',NULL,'M',1,'labour-cost-acrylic'),(30,'Labour Cost - Inox',NULL,'M',1,'labour-cost-inox'),(31,'Labour Cost - Acrynox',NULL,'M',1,'labour-cost-acrynox'),(32,'Labour Cost - Flat Cut',NULL,'M',1,'labour-cost-flatcut'),(33,'Labour Cost - Plaque',NULL,'M',1,'labour-cost-plaque');

/*Table structure for table `category_value` */

CREATE TABLE `category_value` (
  `id` int(11) NOT NULL AUTO_INCREMENT,
  `category_id` int(11) DEFAULT NULL,
  `name` varchar(255) COLLATE utf8_unicode_ci NOT NULL,
  `value` varchar(255) COLLATE utf8_unicode_ci NOT NULL,
  `weightOrder` int(11) DEFAULT NULL,
  `formattedRules` varchar(255) COLLATE utf8_unicode_ci DEFAULT NULL,
  `relatedRule_id` int(11) DEFAULT NULL,
  `isAdditionalCostAfterMargin` tinyint(1) DEFAULT NULL,
  PRIMARY KEY (`id`),
  KEY `IDX_F544177D12469DE2` (`category_id`),
  KEY `IDX_F544177DEE0CA5E8` (`relatedRule_id`),
  CONSTRAINT `FK_F544177D12469DE2` FOREIGN KEY (`category_id`) REFERENCES `category` (`id`),
  CONSTRAINT `FK_F544177DEE0CA5E8` FOREIGN KEY (`relatedRule_id`) REFERENCES `category_value` (`id`)
) ENGINE=InnoDB AUTO_INCREMENT=143 DEFAULT CHARSET=utf8 COLLATE=utf8_unicode_ci;

/*Data for the table `category_value` */

insert  into `category_value`(`id`,`category_id`,`name`,`value`,`weightOrder`,`formattedRules`,`relatedRule_id`,`isAdditionalCostAfterMargin`) values (1,1,'Acrylic 20mm','Acrylic 20mm',NULL,'0.65*%a%',NULL,NULL),(2,1,'Acrylic 30mm','Acrylic 30mm',NULL,'0.8*%a%',NULL,NULL),(3,2,'Led (Return)','Led (Return)',NULL,'20.0*%p%*%coefficient-led-return%',NULL,NULL),(4,3,'Consumables (paint/potting)','Consumables (paint/potting)',NULL,'15.0*%h%',NULL,NULL),(5,4,'Front illuminated','Front illuminated',NULL,'0.0',18,NULL),(6,5,'Face Stainless Steel','Face Stainless Steel',NULL,'0.35*%a%',19,NULL),(7,5,'Face sticker 3M ScotchCal','Face sticker 3M ScotchCal',NULL,'0.1*%a%',NULL,NULL),(8,9,'Return stainless Steel','Return stainless Steel',NULL,'0.35*%d%*%p%',NULL,NULL),(9,9,'Return sticker 3M ScotchCal','Return sticker 3M ScotchCal',NULL,'0.1*%d%*%p%',NULL,NULL),(10,6,'Labour cost','Labour cost',NULL,'8.0*%p%',NULL,NULL),(11,4,'Side illuminated (50%)','Side illuminated (50%)',NULL,'0.0',3,NULL),(12,4,'Side illuminated (100%)','Side illuminated (100%)',NULL,'0.0',3,NULL),(13,4,'Reverse illuminated','Reverse illuminated',NULL,'0.3*%a%',3,NULL),(14,4,'Outlined illuminated  ','Outlined illuminated  ',NULL,'0.3*%a%',18,NULL),(15,4,'Front illuminated + 50% side illuminated','Front illuminated + 50% side illuminated',NULL,'0.0',18,NULL),(16,4,'Front & reverse illuminated combined','Front & reverse illuminated combined',NULL,'0.3*%a%',18,NULL),(17,NULL,'[DELETED] Reverse illuminated with illuminated sides','Reverse illuminated with illuminated sides',NULL,'0.3*%a%',3,NULL),(18,2,'Led (Face)','Led (Face)',NULL,'15.0*%s%*%coefficient-led-face%',NULL,NULL),(19,8,'Cutting service charge (stainless only)','Cutting service charge (stainless only)',NULL,'2.0*%p%',NULL,NULL),(20,10,'Metal face','Metal face',NULL,'0.0',NULL,NULL),(21,10,'Trim edge with Acrylic face','Trim edge with Acrylic face',NULL,'0.8*%a%',NULL,NULL),(22,11,'Prismatic','Prismatic',NULL,'0.0',NULL,1),(23,11,'Serif','Serif',NULL,'0.0',NULL,1),(24,12,'Polished Stainless Steel (304)','Polished Stainless Steel (304)',NULL,'0.5*(%a%+(%d%*%p%))',NULL,NULL),(25,12,'Satin Stainless Steel (304)','Satin Stainless Steel (304)',NULL,'0.5*(%a%+(%d%*%p%))',NULL,NULL),(26,12,'Polished Stainless Steel (316L)','Polished Stainless Steel (316L)',NULL,'0.6*(%a%+(%d%*%p%))',NULL,NULL),(27,12,'Satin Stainless Steel (316L)','Satin Stainless Steel (316L)',NULL,'0.6*(%a%+(%d%*%p%))',NULL,NULL),(28,12,'Polished Titanium (any color)','Polished Titanium (any color)',NULL,'0.6*(%a%+(%d%*%p%))',NULL,NULL),(29,12,'Satin Titanium (any color)','Satin Titanium (any color)',NULL,'0.6*(%a%+(%d%*%p%))',NULL,NULL),(30,12,'Polished Brass','Polished Brass',NULL,'0.6*(%a%+(%d%*%p%))',NULL,NULL),(31,12,'Satin Brass','Satin Brass',NULL,'0.6*(%a%+(%d%*%p%))',NULL,NULL),(32,12,'Polished Copper','Polished Copper',NULL,'0.5*(%a%+(%d%*%p%))',NULL,NULL),(33,12,'Satin Copper','Satin Copper',NULL,'0.5*(%a%+(%d%*%p%))',NULL,NULL),(34,12,'Painted Stainless Steel (any color)','Painted Stainless Steel (any color)',NULL,'0.4*(%a%+(%d%*%p%))',NULL,NULL),(35,12,'Painted Aluminium (any color)','Painted Aluminium (any color)',NULL,'0.4*(%a%+(%d%*%p%))',NULL,NULL),(36,12,'Painted Galvanized Steel (any color)','Painted Galvanized Steel (any color)',NULL,'0.4*(%a%+(%d%*%p%))',NULL,NULL),(37,13,'Inserts','Inserts',NULL,'50.0',NULL,NULL),(38,13,'Straps with adhesive VHB','Straps with adhesive VHB',NULL,'50.0',NULL,NULL),(39,13,'Welded nuts','Welded nuts',NULL,'60.0',NULL,NULL),(40,13,'Clear polycarbonate back','Clear polycarbonate back',NULL,'0.2*%a%',NULL,NULL),(41,13,'PVC Back','PVC Back',NULL,'0.1*%a%',NULL,NULL),(42,14,'Led lighting','Led lighting',NULL,'10.0*(%p%/2)',NULL,1),(43,15,'20mm','20mm',NULL,'0.65*%a%',NULL,NULL),(44,16,'Polished Stainless Steel (304)','Polished Stainless Steel (304)',NULL,'0.5*(%a%+(%ri%*%p%))',NULL,NULL),(45,16,'Satin Stainless Steel (304)','Satin Stainless Steel (304)',NULL,'0.5*(%a%+(%ri%*%p%))',NULL,NULL),(46,16,'Polished Stainless Steel (316L)','Polished Stainless Steel (316L)',NULL,'0.6*(%a%+(%ri%*%p%))',NULL,NULL),(47,16,'Satin Stainless Steel (316L)','Satin Stainless Steel (316L)',NULL,'0.6*(%a%+(%ri%*%p%))',NULL,NULL),(48,16,'Polished Titanium','Polished Titanium',NULL,'0.6*(%a%+(%ri%*%p%))',NULL,NULL),(49,16,'Satin Titanium','Satin Titanium',NULL,'0.6*(%a%+(%ri%*%p%))',NULL,NULL),(50,16,'Polished Brass','Polished Brass',NULL,'0.6*(%a%+(%ri%*%p%))',NULL,NULL),(51,16,'Satin Brass','Satin Brass',NULL,'0.6*(%a%+(%ri%*%p%))',NULL,NULL),(52,16,'Polished Copper','Polished Copper',NULL,'0.5*(%a%+(%ri%*%p%))',NULL,NULL),(53,16,'Satin Copper','Satin Copper',NULL,'0.5*(%a%+(%ri%*%p%))',NULL,NULL),(54,16,'Painted Stainless Steel','Painted Stainless Steel',NULL,'0.4*(%a%+(%ri%*%p%))',NULL,NULL),(55,16,'Painted Aluminium','Painted Aluminium',NULL,'0.4*(%a%+(%ri%*%p%))',NULL,NULL),(56,16,'Painted Galvanized Steel','Painted Galvanized Steel',NULL,'0.4*(%a%+(%ri%*%p%))',NULL,NULL),(57,15,'30mm','30mm',NULL,'0.80*%a%',NULL,NULL),(58,17,'10mm','10mm',NULL,'0.0',NULL,NULL),(59,17,'15mm','15mm',NULL,'0.0',NULL,NULL),(60,18,'Return sticker 3M ScotchCal','Return sticker 3M ScotchCal',NULL,'0.1*((%d%-%ri%)*%p%)',NULL,NULL),(61,19,'Led - Return (Acrynox)','Led - Return (Acrynox)',NULL,'20.0*%p%*%coefficient-led-return%',NULL,NULL),(62,21,'Polished Stainless Steel (304) 1mm','Polished Stainless Steel (304) 1mm',NULL,'0.5*%a%',NULL,NULL),(63,21,'Polished Stainless Steel (304) 1.5mm','Polished Stainless Steel (304) 1.5mm',NULL,'0.55*%a%',NULL,NULL),(64,21,'Polished Stainless Steel (304) 2mm','Polished Stainless Steel (304) 2mm',NULL,'0.6*%a%',NULL,NULL),(65,21,'Polished Stainless Steel (304) 3mm','Polished Stainless Steel (304) 3mm',NULL,'0.65*%a%',NULL,NULL),(66,21,'Satin Stainless Steel (304) 1mm','Satin Stainless Steel (304) 1mm',NULL,'0.5*%a%',NULL,NULL),(67,21,'Satin Stainless Steel (304) 1.5mm','Satin Stainless Steel (304) 1.5mm',NULL,'0.55*%a%',NULL,NULL),(68,21,'Satin Stainless Steel (304) 2mm','Satin Stainless Steel (304) 2mm',NULL,'0.6*%a%',NULL,NULL),(69,21,'Satin Stainless Steel (304) 3mm','Satin Stainless Steel (304) 3mm',NULL,'0.65*%a%',NULL,NULL),(70,21,'Polished Stainless Steel (316L) 1mm','Polished Stainless Steel (316L) 1mm',NULL,'0.5*%a%',NULL,NULL),(71,21,'Polished Stainless Steel (316L) 1.5mm','Polished Stainless Steel (316L) 1.5mm',NULL,'0.55*%a%',NULL,NULL),(72,21,'Polished Stainless Steel (316L) 2mm','Polished Stainless Steel (316L) 2mm',NULL,'0.6*%a%',NULL,NULL),(73,21,'Polished Stainless Steel (316L) 3mm','Polished Stainless Steel (316L) 3mm',NULL,'0.65*%a%',NULL,NULL),(74,21,'Satin Stainless Steel (316L) 1mm','Satin Stainless Steel (316L) 1mm',NULL,'0.5*%a%',NULL,NULL),(75,21,'Satin Stainless Steel (316L) 1.5mm','Satin Stainless Steel (316L) 1.5mm',NULL,'0.55*%a%',NULL,NULL),(76,21,'Satin Stainless Steel (316L) 2mm','Satin Stainless Steel (316L) 2mm',NULL,'0.6*%a%',NULL,NULL),(77,21,'Satin Stainless Steel (316L) 3mm','Satin Stainless Steel (316L) 3mm',NULL,'0.65*%a%',NULL,NULL),(78,21,'Titanium 1mm','Titanium 1mm',NULL,'0.5*%a%',NULL,NULL),(79,21,'Titanium 1.5mm','Titanium 1.5mm',NULL,'0.55*%a%',NULL,NULL),(80,21,'Titanium 2mm','Titanium 2mm',NULL,'0.6*%a%',NULL,NULL),(81,21,'Titanium 3mm','Titanium 3mm',NULL,'0.65*%a%',NULL,NULL),(82,21,'Copper 1mm','Copper 1mm',NULL,'0.5*%a%',NULL,NULL),(83,21,'Copper 1.5mm','Copper 1.5mm',NULL,'0.55*%a%',NULL,NULL),(84,21,'Copper 2mm','Copper 2mm',NULL,'0.6*%a%',NULL,NULL),(85,21,'Copper 3mm','Copper 3mm',NULL,'0.65*%a%',NULL,NULL),(86,21,'Brass 1mm','Brass 1mm',NULL,'0.5*%a%',NULL,NULL),(87,21,'Brass 1.5mm','Brass 1.5mm',NULL,'0.55*%a%',NULL,NULL),(88,21,'Brass 2mm','Brass 2mm',NULL,'0.6*%a%',NULL,NULL),(89,21,'Brass 3mm','Brass 3mm',NULL,'0.65*%a%',NULL,NULL),(90,23,'Welded nuts','Welded nuts',NULL,'200.0',NULL,NULL),(91,23,'Welded studs','Welded studs',NULL,'400.0',NULL,NULL),(92,23,'Adhesive VHB','Adhesive VHB',NULL,'200.0',NULL,NULL),(93,24,'Cutting 1 mm','Cutting 1 mm',NULL,'2.0*%p%',NULL,NULL),(94,24,'Cutting 1.5 mm','Cutting 1.5 mm',NULL,'3.0*%p%',NULL,NULL),(95,24,'Cutting 2 mm','Cutting 2 mm',NULL,'4.0*%p%',NULL,NULL),(96,24,'Cutting 3 mm','Cutting 3 mm',NULL,'5.0*%p%',NULL,NULL),(97,25,'Polished Stainless Steel (304) 1mm','Polished Stainless Steel (304) 1mm',NULL,'0.5*%a%',NULL,NULL),(98,25,'Polished Stainless Steel (304) 1.5mm','Polished Stainless Steel (304) 1.5mm',NULL,'0.5*%a%',NULL,NULL),(99,25,'Polished Stainless Steel (304) 2mm','Polished Stainless Steel (304) 2mm',NULL,'0.5*%a%',NULL,NULL),(100,25,'Polished Stainless Steel (304) 3mm','Polished Stainless Steel (304) 3mm',NULL,'0.5*%a%',NULL,NULL),(101,25,'Satin Stainless Steel (304) 1mm','Satin Stainless Steel (304) 1mm',NULL,'0.5*%a%',NULL,NULL),(102,25,'Satin Stainless Steel (304) 1.5mm','Satin Stainless Steel (304) 1.5mm',NULL,'0.5*%a%',NULL,NULL),(103,25,'Satin Stainless Steel (304) 2mm','Satin Stainless Steel (304) 2mm',NULL,'0.5*%a%',NULL,NULL),(104,25,'Satin Stainless Steel (304) 3mm','Satin Stainless Steel (304) 3mm',NULL,'0.5*%a%',NULL,NULL),(105,25,'Polished Stainless Steel (316L) 1mm','Polished Stainless Steel (316L) 1mm',NULL,'0.5*%a%',NULL,NULL),(106,25,'Polished Stainless Steel (316L) 1.5mm','Polished Stainless Steel (316L) 1.5mm',NULL,'0.5*%a%',NULL,NULL),(107,25,'Polished Stainless Steel (316L) 2mm','Polished Stainless Steel (316L) 2mm',NULL,'0.5*%a%',NULL,NULL),(108,25,'Polished Stainless Steel (316L) 3mm','Polished Stainless Steel (316L) 3mm',NULL,'0.5*%a%',NULL,NULL),(109,25,'Satin Stainless Steel (316L) 1mm','Satin Stainless Steel (316L) 1mm',NULL,'0.5*%a%',NULL,NULL),(110,25,'Satin Stainless Steel (316L) 1.5mm','Satin Stainless Steel (316L) 1.5mm',NULL,'0.5*%a%',NULL,NULL),(111,25,'Satin Stainless Steel (316L) 2mm','Satin Stainless Steel (316L) 2mm',NULL,'0.5*%a%',NULL,NULL),(112,25,'Satin Stainless Steel (316L) 3mm','Satin Stainless Steel (316L) 3mm',NULL,'0.5*%a%',NULL,NULL),(113,25,'Titanium 1mm','Titanium 1mm',NULL,'0.5*%a%',NULL,NULL),(114,25,'Titanium 1.5mm','Titanium 1.5mm',NULL,'0.5*%a%',NULL,NULL),(115,25,'Titanium 2mm','Titanium 2mm',NULL,'0.5*%a%',NULL,NULL),(116,25,'Titanium 3mm','Titanium 3mm',NULL,'0.5*%a%',NULL,NULL),(117,25,'Copper 1mm','Copper 1mm',NULL,'0.5*%a%',NULL,NULL),(118,25,'Copper 1.5mm','Copper 1.5mm',NULL,'0.55*%a%',NULL,NULL),(119,25,'Copper 2mm','Copper 2mm',NULL,'0.6*%a%',NULL,NULL),(120,25,'Copper 3mm','Copper 3mm',NULL,'0.65*%a%',NULL,NULL),(121,25,'Brass 1mm','Brass 1mm',NULL,'0.5*%a%',NULL,NULL),(122,25,'Brass 1.5mm','Brass 1.5mm',NULL,'0.55*%a%',NULL,NULL),(123,25,'Brass 2mm','Brass 2mm',NULL,'0.6*%a%',NULL,NULL),(124,25,'Brass 3mm','Brass 3mm',NULL,'0.65*%a%',NULL,NULL),(125,26,'1 color','1 color',NULL,'80.0',NULL,NULL),(126,26,'2 colors','2 colors',NULL,'160.0',NULL,NULL),(127,26,'3 colors','3 colors',NULL,'240.0',NULL,NULL),(128,26,'4 colors','4 colors',NULL,'320.0',NULL,NULL),(129,27,'Adhesive VHB','Adhesive VHB',NULL,'200.0',NULL,NULL),(130,27,'Welded nuts','Welded nuts',NULL,'200.0',NULL,NULL),(131,27,'Welded studs','Welded studs',NULL,'400.0',NULL,NULL),(132,27,'Holes','Holes',NULL,'0.0',NULL,NULL),(133,28,'Acid Etching','Acid Etching',NULL,'0.5*%a%',NULL,NULL),(134,22,'1mm','1mm',NULL,'0.0',93,NULL),(135,22,'1.5mm','1.5mm',NULL,'0.0',94,NULL),(136,22,'2mm','2mm',NULL,'0.0',95,NULL),(137,22,'3mm','3mm',NULL,'0.0',96,NULL),(138,29,'Labour cost - Acrylic','Labour cost - Acrylic',NULL,'8.0*%p%',NULL,NULL),(139,30,'Labour cost - Inox','Labour cost - Inox',NULL,'8.0*%p%',NULL,NULL),(140,31,'Labour cost - Acrynox','Labour cost - Acrynox',NULL,'8.0*%p%',NULL,NULL),(141,32,'Labour cost - Flat Cut','Labour cost - Flat Cut',NULL,'8.0*%p%',NULL,NULL),(142,33,'Labour cost - Plaque','Labour cost - Plaque',NULL,'8.0*%p%',NULL,NULL);

/*Table structure for table `company` */

CREATE TABLE `company` (
  `id` int(11) NOT NULL AUTO_INCREMENT,
  `clientCode` varchar(20) COLLATE utf8_unicode_ci NOT NULL,
  `name` varchar(100) COLLATE utf8_unicode_ci NOT NULL,
  `type` varchar(20) COLLATE utf8_unicode_ci DEFAULT NULL,
  `isSameAsBilling` tinyint(1) DEFAULT NULL,
  `contactName` varchar(100) COLLATE utf8_unicode_ci DEFAULT NULL,
  `phoneNumber` varchar(100) COLLATE utf8_unicode_ci DEFAULT NULL,
  `faxNumber` varchar(100) COLLATE utf8_unicode_ci DEFAULT NULL,
  `mobileNumber` varchar(100) COLLATE utf8_unicode_ci DEFAULT NULL,
  `email` varchar(100) COLLATE utf8_unicode_ci DEFAULT NULL,
  `website` varchar(100) COLLATE utf8_unicode_ci DEFAULT NULL,
  `instantMessaging` varchar(100) COLLATE utf8_unicode_ci DEFAULT NULL,
  `unit` varchar(100) COLLATE utf8_unicode_ci DEFAULT NULL,
  `currency` varchar(100) COLLATE utf8_unicode_ci DEFAULT NULL,
  `discount` decimal(10,2) DEFAULT NULL,
  `adminFeeEur` decimal(10,2) DEFAULT NULL,
  `adminFeeUsd` decimal(10,2) DEFAULT NULL,
  `homeMessageEn` varchar(255) COLLATE utf8_unicode_ci DEFAULT NULL,
  `homeMessageFr` varchar(255) COLLATE utf8_unicode_ci DEFAULT NULL,
  `billingAddress_id` int(11) DEFAULT NULL,
  `shippingAddress_id` int(11) DEFAULT NULL,
  `transportRemoteAreaSurcharge` tinyint(1) DEFAULT NULL,
  `transportFuelSurcharge` tinyint(1) DEFAULT NULL,
  `transportSafetySurcharge` tinyint(1) DEFAULT NULL,
  `internal` tinyint(1) DEFAULT NULL,
  PRIMARY KEY (`id`),
  UNIQUE KEY `UNIQ_4FBF094FBDE815F8` (`clientCode`),
  UNIQUE KEY `UNIQ_4FBF094F43656FE6` (`billingAddress_id`),
  UNIQUE KEY `UNIQ_4FBF094FB1835C8F` (`shippingAddress_id`),
  CONSTRAINT `FK_4FBF094F43656FE6` FOREIGN KEY (`billingAddress_id`) REFERENCES `location` (`id`),
  CONSTRAINT `FK_4FBF094FB1835C8F` FOREIGN KEY (`shippingAddress_id`) REFERENCES `location` (`id`)
) ENGINE=InnoDB AUTO_INCREMENT=20 DEFAULT CHARSET=utf8 COLLATE=utf8_unicode_ci;

/*Data for the table `company` */

insert  into `company`(`id`,`clientCode`,`name`,`type`,`isSameAsBilling`,`contactName`,`phoneNumber`,`faxNumber`,`mobileNumber`,`email`,`website`,`instantMessaging`,`unit`,`currency`,`discount`,`adminFeeEur`,`adminFeeUsd`,`homeMessageEn`,`homeMessageFr`,`billingAddress_id`,`shippingAddress_id`,`transportRemoteAreaSurcharge`,`transportFuelSurcharge`,`transportSafetySurcharge`,`internal`) values (1,'SINX','Signinox Co., Ltd.','M',1,'Signinox Admin','+(66) 2948 4190','+(66) 2948 4192','-','ylejan@signinox.com','www.signinox.com','www.signinox.com','imperial','usd','10.00','10.00','15.00','','',1,2,1,1,1,1),(2,'SIFQ','Signifique Co., Ltd.','M',1,'Signifique Admin','+(66) 2948 4190','+(66) 2948 4192','-','ylejan@signinox.com',NULL,'www.signinox.com','imperial','usd','10.00','10.00','15.00','','',3,4,1,1,1,1),(3,'CCCC','Company # cccc','R',1,'cccc','cccc','cccc','cccc','mr_tukkae1@hotmail.com','cccc','cccc','imperial','usd','5.00','20.00','20.00','cccc','cccc',5,6,1,1,1,0),(4,'DDDD','Company # dddd','W',1,'dddd dddd','dddd','dddd','dddd','mr_tukkae@hotmail.com','dddd','dddd','imperial','usd','33.00','33.00','33.00','33','33',7,8,1,1,1,0),(5,'EEEE','Company # eeee','W',1,'eeee eeee','eeee','eeee','eeee','mr_tukkae@hotmail.com','eeee','eeee','imperial','usd','50.00','50.00','50.00','eeeee','eeee',9,10,1,1,1,0),(6,'FFFF','Company # ffff','M',1,'ffff','ffff','ffff','ffff','mr_tukkae@hotmail.com','ffff','ffff','imperial','usd','10.00','10.00','10.00','sdfasdf','asdfasdf',11,12,1,1,1,0),(7,'COMP','company[name]','M',1,'qqqq qqqq','company[phoneNumber]','company[faxNumber]','company[mobileNumber]','mr_tukkae@hotmail.com','company[website]','company[instantMessaging]','metric','eur','11.00','11.00','11.00','company[homeMessageEn]','company[homeMessageFr]',13,14,1,1,1,0),(8,'1234','Brians Test Company','M',1,'brian','0818099073',NULL,NULL,'brian@ascentec.net',NULL,NULL,'metric','eur','5.00','10.00','10.00',NULL,NULL,15,16,1,1,1,0),(9,'YOYO','yoyoyo Yeye','A',1,'yoyoy ye','0818084788','0818084787','0818084789','yoyo@example.com','company[website]','company[instantMessaging]','metric','eur','0.00','20.00','20.00','Yoyo yeye','yoyo yeye',17,18,1,1,1,0),(10,'ACT','Ascentec Technologies .Ltd','A',0,'Nattapon T.','+66-8180-88888','+66-0223-44444','+66-8180-88888','nattapon@ascentec.net','www.ascentec.net','Hello Ascentec','metric','eur','5.00','10.00','15.00',NULL,NULL,19,20,1,1,1,0),(11,'APPP','IStudio Thailand Distributor','R',1,'Copperwired Admin','02-160-5931','02-160-5931','02-160-5931','mr_tukkae@hotmail.com','http://www.mustlovemac.co','http://www.mustlovemac.co','metric','eur','5.00','10.00','5.00',NULL,NULL,21,22,1,1,1,0),(12,'YYY','yyy','M',1,'Copperwired Admin','02-160-5931','02-160-5931','02-160-5931','mr_tukkaesss','www.ascentec.net','http://www.mustlovemac.co','metric','eur','5.00','5.00','5.00','asdf','adf',23,24,1,1,1,0),(13,'333','aaaa','M',1,'4444','4444','4444','4444','4444@hotmail.com1','4444','4444','metric','eur','4.00','4.00','4.00',NULL,NULL,25,26,1,1,1,0),(14,'555','5555','M',1,'555','555','55','555','5555@hotmail.com','555','555','metric','eur','0.00','0.00','0.00','555','555',27,28,1,1,1,0),(16,'5558','adfadfsdf','M',1,'asdfa','dfadf','asdfas','dfasdfa','dsfa@hotmail.com','adf','ad','metric','eur',NULL,NULL,NULL,'33','33',31,32,1,1,1,0),(17,'ATM','Artemis S.A.','M',1,'Yann','02 12 34 56 78','02 12 34 56 79','02 12 34 56 78','sales@signinox.com','www.signinox.com',NULL,'metric','eur','0.00','0.00','0.00',NULL,NULL,33,34,1,1,1,0),(18,'54e1ad1252bf0','Power User Company','M',1,'123-4567-854','123-4567-854','123-4567-854','123-4567-854','poweruser@hotmail.com',NULL,NULL,'metric','eur','0.00','0.00','0.00',NULL,NULL,35,36,1,1,1,0);

/*Table structure for table `company_detail` */

CREATE TABLE `company_detail` (
  `company_id` int(11) NOT NULL,
  `bankAccountInfo` longtext COLLATE utf8_unicode_ci,
  `logo` varchar(255) COLLATE utf8_unicode_ci DEFAULT NULL,
  `quoteCode` varchar(20) COLLATE utf8_unicode_ci DEFAULT NULL,
  PRIMARY KEY (`company_id`),
  CONSTRAINT `FK_13991BE6979B1AD6` FOREIGN KEY (`company_id`) REFERENCES `company` (`id`)
) ENGINE=InnoDB DEFAULT CHARSET=utf8 COLLATE=utf8_unicode_ci;

/*Data for the table `company_detail` */

insert  into `company_detail`(`company_id`,`bankAccountInfo`,`logo`,`quoteCode`) values (1,'Account Name: Signinox Co., Ltd.					\r\nAccount Number: 066-7-07447-0					\r\nBank Name: Bangkok Bank Public Company Limited					\r\nBank Address: 1448/13 Soi. Ladprao 87 (Chantrasuk),					\r\nPraditmanutham Rd., Khlong Chan, Bangkapi, Bangkok 10240, Thailand					\r\nBank Branch: Crystal Design Center					\r\nBank SWIFT Code: BKKBTHBK','logo_signinox.png','SX'),(2,'Bank Name: Bangkok Bank Public Company Limited					\r\nBank address: 1448/13 Soi. Ladprao 87 (Chantrasuk),					\r\nPraditmanutham Rd., Khlong Chan, Bangkapi, Bangkok 10240, THAILAND					\r\nBank Branch: Crystal Design Center					\r\nAccount Name: Signifique Co., Ltd.					\r\nAccount Number: 066-7-07450-4					\r\nBank SWIFT Code: BKKBTHBK','logo_signifique.png','SN');

/*Table structure for table `currency` */

CREATE TABLE `currency` (
  `id` int(11) NOT NULL AUTO_INCREMENT,
  `name` varchar(100) COLLATE utf8_unicode_ci NOT NULL,
  `fromCurrency` varchar(3) COLLATE utf8_unicode_ci NOT NULL,
  `toCurrency` varchar(3) COLLATE utf8_unicode_ci NOT NULL,
  `rate` decimal(10,5) NOT NULL,
  `slug` varchar(100) COLLATE utf8_unicode_ci NOT NULL,
  PRIMARY KEY (`id`),
  UNIQUE KEY `UNIQ_6956883F5E237E06` (`name`),
  UNIQUE KEY `UNIQ_6956883F989D9B62` (`slug`)
) ENGINE=InnoDB AUTO_INCREMENT=6 DEFAULT CHARSET=utf8 COLLATE=utf8_unicode_ci;

/*Data for the table `currency` */

insert  into `currency`(`id`,`name`,`fromCurrency`,`toCurrency`,`rate`,`slug`) values (1,'THB / EUR','thb','eur','0.02338','thbeur'),(2,'THB / USD','thb','usd','0.03147','thbusd'),(3,'EUR / THB','eur','thb','42.77490','eurthb'),(5,'USD / THB','usd','thb','31.77000','usdthb');

/*Table structure for table `document` */

CREATE TABLE `document` (
  `id` int(11) NOT NULL AUTO_INCREMENT,
  `name` varchar(255) COLLATE utf8_unicode_ci DEFAULT NULL,
  `path` varchar(255) COLLATE utf8_unicode_ci DEFAULT NULL,
  PRIMARY KEY (`id`)
) ENGINE=InnoDB AUTO_INCREMENT=14 DEFAULT CHARSET=utf8 COLLATE=utf8_unicode_ci;

/*Data for the table `document` */

insert  into `document`(`id`,`name`,`path`) values (1,'eee','19beb7e58bf09728dfcd79b31dfc86d4a568a08e.jpeg'),(2,'eee','5a3deea002b69e95f1491259d8c12cc2ae47a580.jpeg'),(3,'eeee','2ee1795882dc432df3d9c120a3d010db3d2bc5a5.jpeg'),(4,'pppp','2e34c23280ad0e639c1d77dc6f31c66b868d18e6.jpeg'),(5,NULL,'099b460c9f5dbdbf8ea7a5eebf2d690e79f13d49.jpeg'),(6,'example for logo','c30fe47b634a944bf0b8625e2e0612f0a277a5b9.jpeg'),(7,'Dota2 Logo','48b3ff8f5ee1b3d63e5a8807a2ab31a62537b49d.jpeg'),(8,'screenshot example','a083a49dc91f6790e7904f1025c0118cd956df7a.png'),(9,'eee','114c50d2cb790a0f2dbf23d0966fe2953f36ad9c.jpeg'),(10,'111','7b6c2fb960a17d90d7c37cc220e795b6d87f156f.jpeg'),(11,'eee','73b9f5bd3d9381b9fa8968a39bb3c0c4f533fe74.jpeg'),(12,'ww','3fd3ad0777ce05b3462f616648a5cb5dfc803cee.jpeg'),(13,'example','567cf8285be3e067a244be0b64aa32b5eb65567e.png');

/*Table structure for table `ext_translations` */

CREATE TABLE `ext_translations` (
  `id` int(11) NOT NULL AUTO_INCREMENT,
  `locale` varchar(8) COLLATE utf8_unicode_ci NOT NULL,
  `object_class` varchar(255) COLLATE utf8_unicode_ci NOT NULL,
  `field` varchar(32) COLLATE utf8_unicode_ci NOT NULL,
  `foreign_key` varchar(64) COLLATE utf8_unicode_ci NOT NULL,
  `content` longtext COLLATE utf8_unicode_ci,
  PRIMARY KEY (`id`),
  UNIQUE KEY `lookup_unique_idx` (`locale`,`object_class`,`field`,`foreign_key`),
  KEY `translations_lookup_idx` (`locale`,`object_class`,`foreign_key`)
) ENGINE=InnoDB AUTO_INCREMENT=167 DEFAULT CHARSET=utf8 COLLATE=utf8_unicode_ci;

/*Data for the table `ext_translations` */

insert  into `ext_translations`(`id`,`locale`,`object_class`,`field`,`foreign_key`,`content`) values (1,'fr','Quotemax\\DashboardBundle\\Entity\\Category','name','1','Epaisseur'),(2,'fr','Quotemax\\DashboardBundle\\Entity\\Category','name','2','Led'),(3,'fr','Quotemax\\DashboardBundle\\Entity\\Category','name','3','Consommables (peinture/potting)'),(4,'fr','Quotemax\\DashboardBundle\\Entity\\Category','name','4','Surface éclairée'),(5,'fr','Quotemax\\DashboardBundle\\Entity\\Category','name','5','Options (Face)'),(6,'fr','Quotemax\\DashboardBundle\\Entity\\Category','name','6','Coût main doeuvre'),(7,'fr','Quotemax\\DashboardBundle\\Entity\\Category','name','8','Règles supplémentaires'),(8,'fr','Quotemax\\DashboardBundle\\Entity\\Category','name','9','Options (Chant)'),(9,'fr','Quotemax\\DashboardBundle\\Entity\\Category','name','10','Détails Face'),(10,'fr','Quotemax\\DashboardBundle\\Entity\\Category','name','11','Design Spécial'),(11,'fr','Quotemax\\DashboardBundle\\Entity\\Category','name','12','Matières Premières'),(12,'fr','Quotemax\\DashboardBundle\\Entity\\Category','name','13','Fixations'),(13,'fr','Quotemax\\DashboardBundle\\Entity\\Category','name','14','Options'),(14,'fr','Quotemax\\DashboardBundle\\Entity\\Category','name','15','Epaisseur Lettre'),(15,'fr','Quotemax\\DashboardBundle\\Entity\\Category','name','16','Matériaux Couverture Face'),(16,'fr','Quotemax\\DashboardBundle\\Entity\\Category','name','17','Chant'),(17,'fr','Quotemax\\DashboardBundle\\Entity\\Category','name','18','Options'),(18,'fr','Quotemax\\DashboardBundle\\Entity\\Category','name','19','Led - Acrynox'),(19,'fr','Quotemax\\DashboardBundle\\Entity\\Category','name','20','Consommables (peinture, potting, etc…)'),(20,'fr','Quotemax\\DashboardBundle\\Entity\\Category','name','21','Matières Premières'),(21,'fr','Quotemax\\DashboardBundle\\Entity\\Category','name','22','Epaisseur'),(22,'fr','Quotemax\\DashboardBundle\\Entity\\Category','name','23','Fixations'),(23,'fr','Quotemax\\DashboardBundle\\Entity\\Category','name','24','Service Découpe Laser'),(24,'fr','Quotemax\\DashboardBundle\\Entity\\Category','name','25','Matières Premières'),(25,'fr','Quotemax\\DashboardBundle\\Entity\\Category','name','26','Couleurs Logo/Texte'),(26,'fr','Quotemax\\DashboardBundle\\Entity\\Category','name','27','Fixations'),(27,'fr','Quotemax\\DashboardBundle\\Entity\\Category','name','28','Gravure a lacide'),(30,'fr','Quotemax\\DashboardBundle\\Entity\\CategoryValue','name','1','Acrylique 20mm'),(31,'fr','Quotemax\\DashboardBundle\\Entity\\CategoryValue','name','2','Acrylique 30mm'),(32,'fr','Quotemax\\DashboardBundle\\Entity\\CategoryValue','name','3','Led (Chant)'),(33,'fr','Quotemax\\DashboardBundle\\Entity\\CategoryValue','name','4','Consommables (peinture/potting)'),(34,'fr','Quotemax\\DashboardBundle\\Entity\\CategoryValue','name','5','Face Avant Diffusante'),(35,'fr','Quotemax\\DashboardBundle\\Entity\\CategoryValue','name','6','Face Inox'),(36,'fr','Quotemax\\DashboardBundle\\Entity\\CategoryValue','name','7','Film Diffusant 3M'),(37,'fr','Quotemax\\DashboardBundle\\Entity\\CategoryValue','name','8','Chant Inox'),(38,'fr','Quotemax\\DashboardBundle\\Entity\\CategoryValue','name','9','Film Diffusant 3M Chant'),(39,'fr','Quotemax\\DashboardBundle\\Entity\\CategoryValue','name','10','Main dOeuvre'),(40,'fr','Quotemax\\DashboardBundle\\Entity\\CategoryValue','name','11','Chant Lumineux (50%)'),(41,'fr','Quotemax\\DashboardBundle\\Entity\\CategoryValue','name','12','Chant Lumineux (100%)'),(42,'fr','Quotemax\\DashboardBundle\\Entity\\CategoryValue','name','13','Rétroéclairé'),(43,'fr','Quotemax\\DashboardBundle\\Entity\\CategoryValue','name','14','Eclairage Liseret'),(44,'fr','Quotemax\\DashboardBundle\\Entity\\CategoryValue','name','15','Face Avant Diffusante + 50% Chant Lumineux'),(45,'fr','Quotemax\\DashboardBundle\\Entity\\CategoryValue','name','16','Face Avant Diffusante & Retroéclairage'),(46,'fr','Quotemax\\DashboardBundle\\Entity\\CategoryValue','name','17','Retroéclairage avec Chant Lumineux'),(47,'fr','Quotemax\\DashboardBundle\\Entity\\CategoryValue','name','18','Led (Face)'),(48,'fr','Quotemax\\DashboardBundle\\Entity\\CategoryValue','name','19','Service Découpe Laser (Inox)'),(49,'fr','Quotemax\\DashboardBundle\\Entity\\CategoryValue','name','20','Face Inox'),(50,'fr','Quotemax\\DashboardBundle\\Entity\\CategoryValue','name','21','Face Acrylique avec Listel'),(51,'fr','Quotemax\\DashboardBundle\\Entity\\CategoryValue','name','22','Prismatique'),(52,'fr','Quotemax\\DashboardBundle\\Entity\\CategoryValue','name','23','Serif'),(53,'fr','Quotemax\\DashboardBundle\\Entity\\CategoryValue','name','24','Inox Poli Miroir(304)'),(54,'fr','Quotemax\\DashboardBundle\\Entity\\CategoryValue','name','25','Inox Brossé (304)'),(55,'fr','Quotemax\\DashboardBundle\\Entity\\CategoryValue','name','26','Inox Poli Miroir (316L)'),(56,'fr','Quotemax\\DashboardBundle\\Entity\\CategoryValue','name','27','Inox Brossé (316L)'),(57,'fr','Quotemax\\DashboardBundle\\Entity\\CategoryValue','name','28','Inox Titanium Poli Miroir (Toute couleur disponible)'),(58,'fr','Quotemax\\DashboardBundle\\Entity\\CategoryValue','name','29','Inox Titanium Brossé (Toute couleur disponible)'),(59,'fr','Quotemax\\DashboardBundle\\Entity\\CategoryValue','name','30','Laiton Poli Miroir'),(60,'fr','Quotemax\\DashboardBundle\\Entity\\CategoryValue','name','31','Laiton Brossé'),(61,'fr','Quotemax\\DashboardBundle\\Entity\\CategoryValue','name','32','Cuivre Poli Miroir'),(62,'fr','Quotemax\\DashboardBundle\\Entity\\CategoryValue','name','33','Cuivre Brossé'),(63,'fr','Quotemax\\DashboardBundle\\Entity\\CategoryValue','name','34','Inox Peint (Toute couleur disponible)'),(64,'fr','Quotemax\\DashboardBundle\\Entity\\CategoryValue','name','35','Aluminium Peint (Toute couleur disponible)'),(65,'fr','Quotemax\\DashboardBundle\\Entity\\CategoryValue','name','36','Acier Galvanisé (Toute couleur disponible)'),(66,'fr','Quotemax\\DashboardBundle\\Entity\\CategoryValue','name','37','Inserts avec Rivets'),(67,'fr','Quotemax\\DashboardBundle\\Entity\\CategoryValue','name','38','Plaque de Collage avec Adhésif VHB'),(68,'fr','Quotemax\\DashboardBundle\\Entity\\CategoryValue','name','39','Ecrous Soudés'),(69,'fr','Quotemax\\DashboardBundle\\Entity\\CategoryValue','name','40','Semelle Polycarbonate Transparente'),(70,'fr','Quotemax\\DashboardBundle\\Entity\\CategoryValue','name','41','Semelle PVC (Blanc)'),(71,'fr','Quotemax\\DashboardBundle\\Entity\\CategoryValue','name','42','Eclairage Led'),(72,'fr','Quotemax\\DashboardBundle\\Entity\\CategoryValue','name','43','20mm'),(73,'fr','Quotemax\\DashboardBundle\\Entity\\CategoryValue','name','44','Inox Poli Miroir (304)'),(74,'fr','Quotemax\\DashboardBundle\\Entity\\CategoryValue','name','45','Inox Brossé(304)'),(75,'fr','Quotemax\\DashboardBundle\\Entity\\CategoryValue','name','46','Inox Poli Miroir (316L)'),(76,'fr','Quotemax\\DashboardBundle\\Entity\\CategoryValue','name','47','Inox Brossé (316L)'),(77,'fr','Quotemax\\DashboardBundle\\Entity\\CategoryValue','name','48','Inox Titanium Poli Miroir'),(78,'fr','Quotemax\\DashboardBundle\\Entity\\CategoryValue','name','49','Inox Brossé Titanium'),(79,'fr','Quotemax\\DashboardBundle\\Entity\\CategoryValue','name','50','Laiton Poli Miroir'),(80,'fr','Quotemax\\DashboardBundle\\Entity\\CategoryValue','name','51','Laiton Brossé'),(81,'fr','Quotemax\\DashboardBundle\\Entity\\CategoryValue','name','52','Cuivre Poli Miroir'),(82,'fr','Quotemax\\DashboardBundle\\Entity\\CategoryValue','name','53','Cuivre Brossé'),(83,'fr','Quotemax\\DashboardBundle\\Entity\\CategoryValue','name','54','Inox Peint'),(84,'fr','Quotemax\\DashboardBundle\\Entity\\CategoryValue','name','55','Aluminium Peint'),(85,'fr','Quotemax\\DashboardBundle\\Entity\\CategoryValue','name','56','Acier Galvanisé Peint'),(86,'fr','Quotemax\\DashboardBundle\\Entity\\CategoryValue','name','57','30mm'),(87,'fr','Quotemax\\DashboardBundle\\Entity\\CategoryValue','name','58','10mm'),(88,'fr','Quotemax\\DashboardBundle\\Entity\\CategoryValue','name','59','15mm'),(89,'fr','Quotemax\\DashboardBundle\\Entity\\CategoryValue','name','60','Film Diffusant 3M Chant'),(90,'fr','Quotemax\\DashboardBundle\\Entity\\CategoryValue','name','61','Led - Chant (Acrynox)'),(91,'fr','Quotemax\\DashboardBundle\\Entity\\CategoryValue','name','62','Inox Poli Miroir (304) 1mm'),(92,'fr','Quotemax\\DashboardBundle\\Entity\\CategoryValue','name','63','Inox Poli Miroir (304) 1.5mm'),(93,'fr','Quotemax\\DashboardBundle\\Entity\\CategoryValue','name','64','Inox Poli Miroir (304) 2mm'),(94,'fr','Quotemax\\DashboardBundle\\Entity\\CategoryValue','name','65','Inox Poli Miroir (304) 3mm'),(95,'fr','Quotemax\\DashboardBundle\\Entity\\CategoryValue','name','66','Inox Brossé (304) 1mm'),(96,'fr','Quotemax\\DashboardBundle\\Entity\\CategoryValue','name','67','Inox Brossé  (304) 1.5mm'),(97,'fr','Quotemax\\DashboardBundle\\Entity\\CategoryValue','name','68','Inox Brossé  (304) 2mm'),(98,'fr','Quotemax\\DashboardBundle\\Entity\\CategoryValue','name','69','Inox Brossé (304) 3mm'),(99,'fr','Quotemax\\DashboardBundle\\Entity\\CategoryValue','name','70','Inox Poli Miroir (316L) 1mm'),(100,'fr','Quotemax\\DashboardBundle\\Entity\\CategoryValue','name','71','Inox Poli Miroir (316L) 1.5mm'),(101,'fr','Quotemax\\DashboardBundle\\Entity\\CategoryValue','name','72','Inox Poli Miroir (316L) 2mm'),(102,'fr','Quotemax\\DashboardBundle\\Entity\\CategoryValue','name','73','Inox Poli Miroir (316L) 3mm'),(103,'fr','Quotemax\\DashboardBundle\\Entity\\CategoryValue','name','74','Inox Brossé (316L) 1mm'),(104,'fr','Quotemax\\DashboardBundle\\Entity\\CategoryValue','name','75','Inox Brossé (316L) 1.5mm'),(105,'fr','Quotemax\\DashboardBundle\\Entity\\CategoryValue','name','76','Inox Brossé (316L) 2mm'),(106,'fr','Quotemax\\DashboardBundle\\Entity\\CategoryValue','name','77','Inox Brossé (316L) 3mm'),(107,'fr','Quotemax\\DashboardBundle\\Entity\\CategoryValue','name','78','Inox Titanium 1mm'),(108,'fr','Quotemax\\DashboardBundle\\Entity\\CategoryValue','name','79','Inox Titanium 1.5mm'),(109,'fr','Quotemax\\DashboardBundle\\Entity\\CategoryValue','name','80','Inox Titanium 2mm'),(110,'fr','Quotemax\\DashboardBundle\\Entity\\CategoryValue','name','81','Inox Titanium 3mm'),(111,'fr','Quotemax\\DashboardBundle\\Entity\\CategoryValue','name','82','Cuivre 1mm'),(112,'fr','Quotemax\\DashboardBundle\\Entity\\CategoryValue','name','83','Cuivre 1.5mm'),(113,'fr','Quotemax\\DashboardBundle\\Entity\\CategoryValue','name','84','Cuivre 2mm'),(114,'fr','Quotemax\\DashboardBundle\\Entity\\CategoryValue','name','85','Cuivre 3mm'),(115,'fr','Quotemax\\DashboardBundle\\Entity\\CategoryValue','name','86','Laiton 1mm'),(116,'fr','Quotemax\\DashboardBundle\\Entity\\CategoryValue','name','87','Laiton 1.5mm'),(117,'fr','Quotemax\\DashboardBundle\\Entity\\CategoryValue','name','88','Laiton 2mm'),(118,'fr','Quotemax\\DashboardBundle\\Entity\\CategoryValue','name','89','Laiton 3mm'),(119,'fr','Quotemax\\DashboardBundle\\Entity\\CategoryValue','name','90','Ecrous Soudés'),(120,'fr','Quotemax\\DashboardBundle\\Entity\\CategoryValue','name','91','Tiges Filetées Soudées'),(121,'fr','Quotemax\\DashboardBundle\\Entity\\CategoryValue','name','92','Adhésif VHB'),(122,'fr','Quotemax\\DashboardBundle\\Entity\\CategoryValue','name','93','Découpe Laser 1mm'),(123,'fr','Quotemax\\DashboardBundle\\Entity\\CategoryValue','name','94','Découpe Laser 1.5mm'),(124,'fr','Quotemax\\DashboardBundle\\Entity\\CategoryValue','name','95','Découpe Laser 2mm'),(125,'fr','Quotemax\\DashboardBundle\\Entity\\CategoryValue','name','96','Découpe Laser 3mm'),(126,'fr','Quotemax\\DashboardBundle\\Entity\\CategoryValue','name','97','Inox Poli Miroir (304) 1mm'),(127,'fr','Quotemax\\DashboardBundle\\Entity\\CategoryValue','name','98','Inox Poli Miroir (304) 1.5mm'),(128,'fr','Quotemax\\DashboardBundle\\Entity\\CategoryValue','name','99','Inox Poli Miroir (304) 2mm'),(129,'fr','Quotemax\\DashboardBundle\\Entity\\CategoryValue','name','100','Inox Poli Miroir (304) 3mm'),(130,'fr','Quotemax\\DashboardBundle\\Entity\\CategoryValue','name','101','Inox Brossé (304) 1mm'),(131,'fr','Quotemax\\DashboardBundle\\Entity\\CategoryValue','name','102','Inox Brossé (304) 1.5mm'),(132,'fr','Quotemax\\DashboardBundle\\Entity\\CategoryValue','name','103','Inox Brossé (304) 2mm'),(133,'fr','Quotemax\\DashboardBundle\\Entity\\CategoryValue','name','104','Inox Brossé (304) 3mm'),(134,'fr','Quotemax\\DashboardBundle\\Entity\\CategoryValue','name','105','Inox Poli Miroir (316L) 1mm'),(135,'fr','Quotemax\\DashboardBundle\\Entity\\CategoryValue','name','106','Inox Poli Miroir (316L) 1.5mm'),(136,'fr','Quotemax\\DashboardBundle\\Entity\\CategoryValue','name','107','Inox Poli Miroir (316L) 2mm'),(137,'fr','Quotemax\\DashboardBundle\\Entity\\CategoryValue','name','108','Inox Poli Miroir (316L) 3mm'),(138,'fr','Quotemax\\DashboardBundle\\Entity\\CategoryValue','name','109','Inox Brossé (316L) 1mm'),(139,'fr','Quotemax\\DashboardBundle\\Entity\\CategoryValue','name','110','Inox Brossé (316L) 1.5mm'),(140,'fr','Quotemax\\DashboardBundle\\Entity\\CategoryValue','name','111','Inox Brossé (316L) 2mm'),(141,'fr','Quotemax\\DashboardBundle\\Entity\\CategoryValue','name','112','Inox Brossé (316L) 3mm'),(142,'fr','Quotemax\\DashboardBundle\\Entity\\CategoryValue','name','113','Inox Titanium 1mm'),(143,'fr','Quotemax\\DashboardBundle\\Entity\\CategoryValue','name','114','Inox Titanium 1.5mm'),(144,'fr','Quotemax\\DashboardBundle\\Entity\\CategoryValue','name','115','Inox Titanium 2mm'),(145,'fr','Quotemax\\DashboardBundle\\Entity\\CategoryValue','name','116','Inox Titanium 3mm'),(146,'fr','Quotemax\\DashboardBundle\\Entity\\CategoryValue','name','117','Cuivre 1mm'),(147,'fr','Quotemax\\DashboardBundle\\Entity\\CategoryValue','name','118','Cuivre 1.5mm'),(148,'fr','Quotemax\\DashboardBundle\\Entity\\CategoryValue','name','119','Cuivre 2mm'),(149,'fr','Quotemax\\DashboardBundle\\Entity\\CategoryValue','name','120','Cuivre 3mm'),(150,'fr','Quotemax\\DashboardBundle\\Entity\\CategoryValue','name','121','Laiton 1mm'),(151,'fr','Quotemax\\DashboardBundle\\Entity\\CategoryValue','name','122','Laiton 1.5mm'),(152,'fr','Quotemax\\DashboardBundle\\Entity\\CategoryValue','name','123','Laiton 2mm'),(153,'fr','Quotemax\\DashboardBundle\\Entity\\CategoryValue','name','124','Laiton 3mm'),(154,'fr','Quotemax\\DashboardBundle\\Entity\\CategoryValue','name','125','1 couleur'),(155,'fr','Quotemax\\DashboardBundle\\Entity\\CategoryValue','name','126','2 couleurs'),(156,'fr','Quotemax\\DashboardBundle\\Entity\\CategoryValue','name','127','3 couleurs'),(157,'fr','Quotemax\\DashboardBundle\\Entity\\CategoryValue','name','128','4 couleurs'),(158,'fr','Quotemax\\DashboardBundle\\Entity\\CategoryValue','name','129','Adhésif VHB'),(159,'fr','Quotemax\\DashboardBundle\\Entity\\CategoryValue','name','130','Ecrous Soudés'),(160,'fr','Quotemax\\DashboardBundle\\Entity\\CategoryValue','name','131','Tiges Filetées Soudées'),(161,'fr','Quotemax\\DashboardBundle\\Entity\\CategoryValue','name','132','Trous'),(162,'fr','Quotemax\\DashboardBundle\\Entity\\CategoryValue','name','133','Gravure'),(163,'fr','Quotemax\\DashboardBundle\\Entity\\CategoryValue','name','134','1mm'),(164,'fr','Quotemax\\DashboardBundle\\Entity\\CategoryValue','name','135','1.5mm'),(165,'fr','Quotemax\\DashboardBundle\\Entity\\CategoryValue','name','136','2mm'),(166,'fr','Quotemax\\DashboardBundle\\Entity\\CategoryValue','name','137','3mm');

/*Table structure for table `item` */

CREATE TABLE `item` (
  `id` int(11) NOT NULL AUTO_INCREMENT,
  `quote_id` int(11) DEFAULT NULL,
  `name` varchar(100) COLLATE utf8_unicode_ci DEFAULT NULL,
  `productType` varchar(100) COLLATE utf8_unicode_ci DEFAULT NULL,
  `height` decimal(10,2) NOT NULL,
  `width` decimal(10,2) NOT NULL,
  `depth` decimal(10,2) NOT NULL,
  `perimeter` decimal(10,2) NOT NULL,
  `quantity` int(11) DEFAULT NULL,
  `currency` varchar(3) COLLATE utf8_unicode_ci DEFAULT NULL,
  `measureUnit` varchar(10) COLLATE utf8_unicode_ci NOT NULL,
  `price` decimal(10,2) NOT NULL,
  `surface` decimal(10,2) DEFAULT NULL,
  `additionalCost` decimal(10,2) NOT NULL,
  `margin` decimal(10,2) NOT NULL,
  `priceSelling` decimal(10,2) NOT NULL,
  `priceSellingTotalAll` decimal(10,2) NOT NULL,
  `numOfLed` int(11) DEFAULT NULL,
  `type` varchar(10) COLLATE utf8_unicode_ci DEFAULT NULL,
  PRIMARY KEY (`id`),
  KEY `IDX_1F1B251EDB805178` (`quote_id`),
  CONSTRAINT `FK_1F1B251EDB805178` FOREIGN KEY (`quote_id`) REFERENCES `quote_detail` (`quote_id`)
) ENGINE=InnoDB AUTO_INCREMENT=157 DEFAULT CHARSET=utf8 COLLATE=utf8_unicode_ci;

/*Data for the table `item` */

insert  into `item`(`id`,`quote_id`,`name`,`productType`,`height`,`width`,`depth`,`perimeter`,`quantity`,`currency`,`measureUnit`,`price`,`surface`,`additionalCost`,`margin`,`priceSelling`,`priceSellingTotalAll`,`numOfLed`,`type`) values (2,18,'N',NULL,'20.00','25.00','3.00','100.00',2,'usd','metric','2613.50','0.00','0.00','0.00','0.00','0.00',NULL,NULL),(3,18,'I',NULL,'20.00','25.00','3.00','100.00',2,'usd','metric','2613.50','0.00','0.00','0.00','0.00','0.00',NULL,NULL),(4,18,'K',NULL,'20.00','25.00','3.00','100.00',2,'usd','metric','2613.50','0.00','0.00','0.00','0.00','0.00',NULL,NULL),(5,18,'E',NULL,'20.00','25.00','3.00','100.00',2,'usd','metric','2613.50','0.00','0.00','0.00','0.00','0.00',NULL,NULL),(6,18,'Nike Logo',NULL,'40.00','50.00','3.00','200.00',2,'usd','metric','6227.00','0.00','0.00','0.00','0.00','0.00',NULL,NULL),(7,19,'M',NULL,'10.00','10.00','10.00','100.00',5,'eur','metric','1846.00','0.00','0.00','0.00','0.00','0.00',NULL,NULL),(8,19,'A',NULL,'11.00','11.00','11.00','1100.00',5,'eur','metric','17978.40','0.00','0.00','0.00','0.00','0.00',NULL,NULL),(9,19,'X',NULL,'12.00','12.00','12.00','1200.00',5,'eur','metric','19622.40','0.00','0.00','0.00','0.00','0.00',NULL,NULL),(10,20,'Y',NULL,'5.00','5.00','5.00','100.00',1,'eur','metric','1704.25','0.00','0.00','0.00','0.00','0.00',NULL,NULL),(11,20,'O',NULL,'5.00','5.00','5.00','100.00',1,'eur','metric','1704.25','0.00','0.00','0.00','0.00','0.00',NULL,NULL),(12,20,'Y',NULL,'5.00','5.00','5.00','100.00',1,'eur','metric','1704.25','0.00','0.00','0.00','0.00','0.00',NULL,NULL),(13,21,'y',NULL,'50.00','50.00','50.00','5000.00',1,'eur','metric','169905.00','0.00','0.00','0.00','0.00','0.00',NULL,NULL),(14,21,'x',NULL,'50.00','50.00','50.00','1000.00',1,'eur','metric','35905.00','0.00','0.00','0.00','0.00','0.00',NULL,NULL),(15,22,'www',NULL,'50.00','50.00','50.00','3000.00',2,'eur','metric','65405.00','0.00','0.00','0.00','0.00','0.00',NULL,NULL),(16,22,'www',NULL,'50.00','50.00','50.00','3000.00',2,'eur','metric','65405.00','0.00','0.00','0.00','0.00','0.00',NULL,NULL),(17,23,'Letter # 1 - \'n\'',NULL,'10.00','10.00','10.00','2000.00',2,'eur','metric','36256.00','0.00','0.00','0.00','0.00','0.00',NULL,NULL),(18,23,'Letter # 2 - \'n\'',NULL,'10.00','10.00','10.00','1000.00',2,'eur','metric','18256.00','0.00','0.00','0.00','0.00','0.00',NULL,NULL),(19,23,'Letter # 3 - \'n\'',NULL,'10.00','10.00','10.00','1000.00',2,'eur','metric','18256.00','0.00','0.00','0.00','0.00','0.00',NULL,NULL),(20,23,'Letter # 4 - \'n\'',NULL,'10.00','10.00','10.00','1000.00',2,'eur','metric','18256.00','0.00','0.00','0.00','0.00','0.00',NULL,NULL),(21,23,'GraphicElement # 1',NULL,'10.00','10.00','10.00','1000.00',2,'eur','metric','18256.00','0.00','0.00','0.00','0.00','0.00',NULL,NULL),(22,25,'Letter # 1 - \'p\'',NULL,'10.00','10.00','10.00','1000.00',1,'usd','metric','16321.00','0.00','0.00','0.00','0.00','0.00',NULL,NULL),(23,25,'Letter # 2 - \'p\'',NULL,'10.00','10.00','10.00','1000.00',1,'usd','metric','16321.00','0.00','0.00','0.00','0.00','0.00',NULL,NULL),(24,27,'Letter # 1 - \'y\'',NULL,'10.00','10.00','10.00','1000.00',1,'usd','metric','16221.00','0.00','0.00','0.00','0.00','0.00',NULL,NULL),(25,27,'Letter # 2 - \'y\'',NULL,'100.00','10.00','10.00','100.00',1,'usd','metric','3783.00','0.00','0.00','0.00','0.00','0.00',NULL,NULL),(26,27,'Letter # 3 - \'y\'',NULL,'10.00','10.00','10.00','10.00',1,'usd','metric','381.00','0.00','0.00','0.00','0.00','0.00',NULL,NULL),(27,27,'Letter # 4 - \'y\'',NULL,'100.00','10.00','10.00','100.00',1,'usd','metric','3783.00','0.00','0.00','0.00','0.00','0.00',NULL,NULL),(28,27,'GraphicElement # 1',NULL,'10.00','10.00','10.00','100.00',1,'usd','metric','1821.00','0.00','0.00','0.00','0.00','0.00',NULL,NULL),(29,28,'Letter # 1 - \'8\'',NULL,'10.00','10.00','10.00','10.00',1,'eur','metric','510.00','0.00','0.00','0.00','0.00','0.00',NULL,NULL),(30,28,'Letter # 2 - \'8\'',NULL,'10.00','10.00','10.00','10.00',1,'eur','metric','510.00','0.00','0.00','0.00','0.00','0.00',NULL,NULL),(31,28,'GraphicElement # 1',NULL,'10.00','10.00','10.00','10.00',1,'eur','metric','510.00','0.00','0.00','0.00','0.00','0.00',NULL,NULL),(32,31,'Letter # 1 - \'k\'',NULL,'10.00','10.00','10.00','1000.00',40,'eur','metric','25780.00','0.00','0.00','0.00','0.00','0.00',NULL,NULL),(33,31,'Letter # 2 - \'k\'',NULL,'10.00','10.00','10.00','1000.00',40,'eur','metric','25780.00','0.00','0.00','0.00','0.00','0.00',NULL,NULL),(34,31,'Letter # 3 - \'k\'',NULL,'10.00','10.00','10.00','1000.00',40,'eur','metric','25780.00','0.00','0.00','0.00','0.00','0.00',NULL,NULL),(35,31,'Letter # 4 - \'k\'',NULL,'10.00','10.00','10.00','1000.00',40,'eur','metric','25780.00','0.00','0.00','0.00','0.00','0.00',NULL,NULL),(36,31,'GraphicElement # 1',NULL,'10.00','10.00','10.00','1000.00',40,'eur','metric','25780.00','0.00','0.00','0.00','0.00','0.00',NULL,NULL),(37,32,'Letter # 1 - \'y\'',NULL,'10.00','10.00','10.00','1000.00',10,'eur','metric','25750.00','0.00','0.00','0.00','0.00','0.00',NULL,NULL),(38,32,'Letter # 2 - \'y\'',NULL,'10.00','10.00','10.00','1000.00',10,'eur','metric','25750.00','0.00','0.00','0.00','0.00','0.00',NULL,NULL),(39,32,'Letter # 3 - \'y\'',NULL,'10.00','10.00','10.00','1000.00',10,'eur','metric','25750.00','0.00','0.00','0.00','0.00','0.00',NULL,NULL),(40,32,'Letter # 4 - \'y\'',NULL,'10.00','10.00','10.00','1000.00',10,'eur','metric','25750.00','0.00','0.00','0.00','0.00','0.00',NULL,NULL),(41,32,'GraphicElement # 1',NULL,'10.00','10.00','10.00','1000.00',10,'eur','metric','25750.00','0.00','0.00','0.00','0.00','0.00',NULL,NULL),(42,34,'Letter # 1 - \'c\'',NULL,'20.00','15.00','3.00','50.00',1,'eur','metric','1600.00','0.00','0.00','0.00','0.00','0.00',NULL,NULL),(43,34,'Letter # 2 - \'o\'',NULL,'20.00','15.00','3.00','50.00',1,'eur','metric','1600.00','0.00','0.00','0.00','0.00','0.00',NULL,NULL),(44,34,'Letter # 3 - \'c\'',NULL,'20.00','15.00','3.00','50.00',1,'eur','metric','1600.00','0.00','0.00','0.00','0.00','0.00',NULL,NULL),(45,34,'Letter # 4 - \'o\'',NULL,'20.00','15.00','3.00','50.00',1,'eur','metric','1600.00','0.00','0.00','0.00','0.00','0.00',NULL,NULL),(46,35,'Letter # 1 - \'w\'',NULL,'10.00','10.00','10.00','1000.00',1,'eur','metric','25750.00','10.00','0.00','0.00','0.00','0.00',NULL,NULL),(47,35,'Letter # 2 - \'w\'',NULL,'10.00','10.00','10.00','1000.00',1,'eur','metric','25750.00','10.00','0.00','0.00','0.00','0.00',NULL,NULL),(48,35,'GraphicElement # 1',NULL,'10.00','10.00','10.00','1000.00',1,'eur','metric','25750.00','10.00','0.00','0.00','0.00','0.00',NULL,NULL),(49,36,'Letter # 1 - \'l\'',NULL,'10.00','10.00','10.00','1000.00',1,'usd','metric','25765.00','10.00','0.00','0.00','0.00','0.00',NULL,NULL),(50,36,'Letter # 2 - \'l\'',NULL,'10.00','10.00','10.00','1000.00',1,'usd','metric','25765.00','10.00','0.00','0.00','0.00','0.00',NULL,NULL),(51,36,'Letter # 3 - \'l\'',NULL,'10.00','10.00','10.00','1000.00',1,'usd','metric','25765.00','10.00','0.00','0.00','0.00','0.00',NULL,NULL),(52,36,'GraphicElement # 1',NULL,'10.00','10.00','10.00','1000.00',1,'usd','metric','25765.00','10.00','0.00','0.00','0.00','0.00',NULL,NULL),(53,38,'Letter # 1 - \'q\'',NULL,'10.00','10.00','10.00','1000.00',1,'eur','metric','21250.00','10.00','0.00','0.00','0.00','0.00',NULL,NULL),(54,38,'Letter # 2 - \'q\'',NULL,'10.00','10.00','10.00','1000.00',1,'eur','metric','21250.00','10.00','0.00','0.00','0.00','0.00',NULL,NULL),(55,38,'GraphicElement # 1',NULL,'10.00','10.00','10.00','1000.00',1,'eur','metric','21250.00','10.00','0.00','0.00','0.00','0.00',NULL,NULL),(56,39,'Letter # 1 - \'z\'',NULL,'10.00','10.00','10.00','1000.00',1,'eur','metric','25250.00','10.00','0.00','0.00','0.00','0.00',NULL,NULL),(57,39,'Letter # 2 - \'z\'',NULL,'10.00','10.00','10.00','1000.00',1,'eur','metric','25250.00','10.00','0.00','0.00','0.00','0.00',NULL,NULL),(58,39,'GraphicElement # 1',NULL,'10.00','10.00','10.00','1000.00',1,'eur','metric','25250.00','1000.00','0.00','0.00','0.00','0.00',NULL,NULL),(59,40,'Letter # 1 - \'Y\'',NULL,'20.00','25.00','3.00','100.00',5,'eur','metric','2550.00','10.00','0.00','0.00','0.00','0.00',NULL,NULL),(60,40,'Letter # 2 - \'O\'',NULL,'20.00','25.00','3.00','100.00',5,'eur','metric','2550.00','10.00','0.00','0.00','0.00','0.00',NULL,NULL),(61,40,'GraphicElement # 1',NULL,'20.00','25.00','3.00','100.00',5,'eur','metric','2550.00','10.00','0.00','0.00','0.00','0.00',NULL,NULL),(62,41,'Letter # 1 - \'b\'',NULL,'10.00','10.00','30.00','1000.00',1,'eur','metric','22680.00','10.00','0.00','0.00','0.00','0.00',NULL,NULL),(63,41,'Letter # 2 - \'b\'',NULL,'10.00','10.00','30.00','1000.00',1,'eur','metric','22680.00','10.00','0.00','0.00','0.00','0.00',NULL,NULL),(64,41,'GraphicElement # 1',NULL,'10.00','10.00','30.00','1000.00',1,'eur','metric','22680.00','10.00','0.00','0.00','0.00','0.00',NULL,NULL),(65,42,'Letter # 1 - \'w\'',NULL,'10.00','10.00','3.00','1000.00',1,'eur','metric','24180.00','1000.00','0.00','0.00','0.00','0.00',NULL,NULL),(66,42,'Letter # 2 - \'w\'',NULL,'10.00','10.00','3.00','1000.00',1,'eur','metric','24180.00','10.00','0.00','0.00','0.00','0.00',NULL,NULL),(67,42,'GraphicElement # 1',NULL,'10.00','10.00','3.00','1000.00',1,'eur','metric','24180.00','10.00','0.00','0.00','0.00','0.00',NULL,NULL),(68,43,'Letter # 1 - \'r\'',NULL,'10.00','10.00','3.00','1000.00',5,'eur','metric','11300.00','10.00','0.00','2260.00','13560.00','67800.00',NULL,NULL),(69,43,'Letter # 2 - \'r\'',NULL,'10.00','10.00','3.00','1000.00',5,'eur','metric','11300.00','10.00','0.00','2260.00','13560.00','67800.00',NULL,NULL),(70,43,'GraphicElement # 1',NULL,'10.00','10.00','3.00','1000.00',5,'eur','metric','11300.00','10.00','0.00','2260.00','13560.00','67800.00',NULL,NULL),(71,45,'Letter # 1 - \'y\'',NULL,'10.00','10.00','3.00','1000.00',5,'eur','metric','8965.00','10.00','0.00','1793.00','10758.00','53790.00',NULL,NULL),(72,45,'Letter # 2 - \'y\'',NULL,'10.00','10.00','3.00','1000.00',5,'eur','metric','8965.00','10.00','0.00','1793.00','10758.00','53790.00',NULL,NULL),(73,45,'GraphicElement # 1',NULL,'20.00','10.00','3000.00','1000.00',5,'eur','metric','8965.00','10.00','0.00','1793.00','10758.00','53790.00',NULL,NULL),(74,46,'Letter # 1 - \'u\'',NULL,'10.00','10.00','10.00','1000.00',100,'eur','metric','14500.00','10.00','0.00','2900.00','17400.00','1740000.00',NULL,NULL),(75,46,'Letter # 2 - \'u\'',NULL,'10.00','10.00','10.00','1000.00',100,'eur','metric','14500.00','10.00','0.00','2900.00','17400.00','1740000.00',NULL,NULL),(76,46,'GraphicElement # 1',NULL,'10.00','10.00','10.00','1000.00',100,'eur','metric','14500.00','10.00','0.00','2900.00','17400.00','1740000.00',NULL,NULL),(77,47,'Letter # 1 - \'A\'',NULL,'10.00','10.00','3.00','1000.00',10,'eur','metric','25580.00','10.00','0.00','5116.00','30696.00','306960.00',NULL,NULL),(78,47,'Letter # 2 - \'B\'',NULL,'10.00','10.00','3.00','1000.00',10,'eur','metric','25580.00','10.00','0.00','5116.00','30696.00','306960.00',NULL,NULL),(79,47,'Letter # 3 - \'C\'',NULL,'10.00','10.00','3.00','1000.00',10,'eur','metric','25580.00','10.00','0.00','5116.00','30696.00','306960.00',NULL,NULL),(80,47,'GraphicElement # 1',NULL,'10.00','10.00','3.00','1000.00',10,'eur','metric','25580.00','10.00','0.00','5116.00','30696.00','306960.00',NULL,NULL),(81,48,'Letter # 1 - \'F\'',NULL,'10.00','10.00','3.00','1000.00',20,'eur','metric','9910.00','10.00','5000.00','1982.00','16892.00','337840.00',NULL,NULL),(82,48,'Letter # 2 - \'G\'',NULL,'10.00','10.00','3.00','1000.00',20,'eur','metric','9910.00','10.00','5000.00','1982.00','16892.00','337840.00',NULL,NULL),(83,48,'Letter # 3 - \'H\'',NULL,'10.00','10.00','3.00','1000.00',20,'eur','metric','9910.00','10.00','5000.00','1982.00','16892.00','337840.00',NULL,NULL),(84,48,'GraphicElement # 1',NULL,'10.00','10.00','3.00','1000.00',20,'eur','metric','9910.00','10.00','5000.00','1982.00','16892.00','337840.00',NULL,NULL),(85,49,'Letter # 1 - \'H\'',NULL,'10.00','10.00','3.00','1000.00',30,'eur','metric','24180.00','10.00','0.00','4836.00','29016.00','870480.00',NULL,NULL),(86,49,'Letter # 2 - \'J\'',NULL,'10.00','10.00','3.00','1000.00',30,'eur','metric','24180.00','10.00','0.00','4836.00','29016.00','870480.00',NULL,NULL),(87,49,'Letter # 3 - \'K\'',NULL,'10.00','10.00','3.00','1000.00',30,'eur','metric','24180.00','10.00','0.00','4836.00','29016.00','870480.00',NULL,NULL),(88,49,'GraphicElement # 1',NULL,'10.00','10.00','3.00','1000.00',30,'eur','metric','24180.00','10.00','0.00','4836.00','29016.00','870480.00',NULL,NULL),(89,50,'Letter # 1 - \'X\'',NULL,'10.00','10.00','3.00','1000.00',10,'eur','metric','13465.00','10.00','0.00','2693.00','16158.00','161580.00',NULL,NULL),(90,50,'Letter # 2 - \'Y\'',NULL,'10.00','10.00','3.00','1000.00',10,'eur','metric','13465.00','10.00','0.00','2693.00','16158.00','161580.00',NULL,NULL),(91,50,'Letter # 3 - \'Z\'',NULL,'10.00','10.00','3.00','1000.00',10,'eur','metric','13465.00','10.00','0.00','2693.00','16158.00','161580.00',NULL,NULL),(92,50,'GraphicElement # 1',NULL,'10.00','10.00','3.00','1000.00',10,'eur','metric','13465.00','10.00','0.00','2693.00','16158.00','161580.00',NULL,NULL),(100,53,'Letter # 1 - \'Y\'',NULL,'10.00','10.00','5.00','1000.00',20,'usd','metric','25540.00',NULL,'0.00','5108.00','30648.00','612960.00',NULL,NULL),(101,53,'Letter # 2 - \'E\'',NULL,'10.00','10.00','5.00','1000.00',20,'usd','metric','25540.00',NULL,'0.00','5108.00','30648.00','612960.00',NULL,NULL),(102,53,'GraphicElement # 1',NULL,'10.00','10.00','5.00','1000.00',20,'usd','metric','25540.00',NULL,'0.00','5108.00','30648.00','612960.00',NULL,NULL),(103,54,'Letter # 1 - \'1\'',NULL,'10.00','10.00','3.00','1000.00',1,'eur','metric','9680.00',NULL,'5000.00','1936.00','16616.00','16616.00',NULL,NULL),(104,55,'Letter # 1 - \'1\'',NULL,'10.00','10.00','3.00','1000.00',1,'eur','metric','12050.00','10.00','0.00','2410.00','14460.00','14460.00',NULL,NULL),(105,56,'GraphicElement # 1',NULL,'10.00','10.00','3.00','1000.00',1,'eur','metric','26330.00','3.00','0.00','5266.00','31596.00','31596.00',NULL,NULL),(106,57,'Letter # 1 - \'w\'',NULL,'10.00','10.00','3.00','1000.00',10,'eur','metric','9680.00',NULL,'5000.00','1936.00','16616.00','166160.00',NULL,NULL),(107,57,'GraphicElement # 1',NULL,'10.00','10.00','3.00','1000.00',10,'eur','metric','9680.00',NULL,'5000.00','1936.00','16616.00','166160.00',NULL,NULL),(108,58,'Letter # 1 - \'2\'',NULL,'10.00','10.00','3.00','1000.00',10,'usd','metric','13450.00',NULL,'0.00','2690.00','16140.00','161400.00',NULL,NULL),(109,58,'GraphicElement # 1',NULL,'10.00','10.00','3.00','1000.00',10,'usd','metric','13450.00',NULL,'0.00','2690.00','16140.00','161400.00',NULL,NULL),(110,59,'Letter # 1 - \'Y\'',NULL,'20.00','20.00','6.00','2000.00',20,'usd','metric','23810.00',NULL,'10000.00','4762.00','38572.00','771440.00',NULL,NULL),(111,59,'Letter # 2 - \'O\'',NULL,'20.00','20.00','6.00','2000.00',20,'usd','metric','23810.00',NULL,'10000.00','4762.00','38572.00','771440.00',NULL,NULL),(112,59,'GraphicElement # 1',NULL,'20.00','20.00','6.00','2000.00',20,'usd','metric','23810.00',NULL,'10000.00','4762.00','38572.00','771440.00',NULL,NULL),(113,60,'Letter # 1 - \'N\'',NULL,'20.00','25.00','3.00','100.00',10,'eur','metric','2300.00','10.00','0.00','460.00','2760.00','27600.00',NULL,NULL),(114,60,'Letter # 2 - \'I\'',NULL,'20.00','25.00','3.00','100.00',10,'eur','metric','2300.00','10.00','0.00','460.00','2760.00','27600.00',NULL,NULL),(115,60,'Letter # 3 - \'K\'',NULL,'20.00','25.00','3.00','100.00',10,'eur','metric','2300.00','10.00','0.00','460.00','2760.00','27600.00',NULL,NULL),(116,60,'Letter # 4 - \'E\'',NULL,'20.00','25.00','3.00','100.00',10,'eur','metric','2300.00','10.00','0.00','460.00','2760.00','27600.00',NULL,NULL),(117,60,'GraphicElement # 1',NULL,'20.00','25.00','3.00','100.00',10,'eur','metric','2300.00','10.00','0.00','460.00','2760.00','27600.00',NULL,NULL),(118,61,'Letter # 1 - \'P\'',NULL,'20.00','25.00','3.00','100.00',1,'eur','metric','1250.00',NULL,'500.00','250.00','2000.00','2000.00',NULL,NULL),(119,61,'Letter # 2 - \'U\'',NULL,'20.00','25.00','3.00','100.00',1,'eur','metric','1250.00',NULL,'500.00','250.00','2000.00','2000.00',NULL,NULL),(120,61,'Letter # 3 - \'M\'',NULL,'20.00','25.00','3.00','100.00',1,'eur','metric','1250.00',NULL,'500.00','250.00','2000.00','2000.00',NULL,NULL),(121,61,'Letter # 4 - \'A\'',NULL,'20.00','25.00','3.00','100.00',1,'eur','metric','1250.00',NULL,'500.00','250.00','2000.00','2000.00',NULL,NULL),(122,62,'Letter # 1 - \'A\'',NULL,'20.00','25.00','3.00','100.00',1,'eur','metric','3340.00',NULL,'0.00','668.00','4008.00','4008.00',NULL,NULL),(123,62,'Letter # 2 - \'d\'',NULL,'20.00','25.00','3.00','100.00',1,'eur','metric','3340.00',NULL,'0.00','668.00','4008.00','4008.00',NULL,NULL),(124,62,'Letter # 3 - \'i\'',NULL,'20.00','25.00','3.00','100.00',1,'eur','metric','3340.00',NULL,'0.00','668.00','4008.00','4008.00',NULL,NULL),(125,62,'Letter # 4 - \'d\'',NULL,'20.00','25.00','3.00','100.00',1,'eur','metric','3340.00',NULL,'0.00','668.00','4008.00','4008.00',NULL,NULL),(126,62,'Letter # 5 - \'a\'',NULL,'20.00','25.00','3.00','100.00',1,'eur','metric','3340.00',NULL,'0.00','668.00','4008.00','4008.00',NULL,NULL),(127,62,'Letter # 6 - \'s\'',NULL,'20.00','25.00','3.00','100.00',1,'eur','metric','3340.00',NULL,'0.00','668.00','4008.00','4008.00',NULL,NULL),(128,63,'Letter # 1 - \'R\'',NULL,'20.00','25.00','1.00','100.00',1,'eur','metric','1450.00',NULL,'0.00','290.00','1740.00','1740.00',NULL,NULL),(129,63,'Letter # 2 - \'e\'',NULL,'20.00','25.00','1.00','100.00',1,'eur','metric','1450.00',NULL,'0.00','290.00','1740.00','1740.00',NULL,NULL),(130,63,'Letter # 3 - \'e\'',NULL,'20.00','25.00','1.00','100.00',1,'eur','metric','1450.00',NULL,'0.00','290.00','1740.00','1740.00',NULL,NULL),(131,63,'Letter # 4 - \'b\'',NULL,'20.00','25.00','1.00','100.00',1,'eur','metric','1450.00',NULL,'0.00','290.00','1740.00','1740.00',NULL,NULL),(132,63,'Letter # 5 - \'o\'',NULL,'20.00','25.00','1.00','100.00',1,'eur','metric','1450.00',NULL,'0.00','290.00','1740.00','1740.00',NULL,NULL),(133,63,'Letter # 6 - \'k\'',NULL,'20.00','25.00','1.00','100.00',1,'eur','metric','1450.00',NULL,'0.00','290.00','1740.00','1740.00',NULL,NULL),(134,63,'GraphicElement # 1',NULL,'20.00','25.00','1.00','100.00',1,'eur','metric','1450.00',NULL,'0.00','290.00','1740.00','1740.00',NULL,NULL),(135,64,'GraphicElement # 1',NULL,'30.00','50.00','0.20','150.00',1,'eur','metric','3360.00',NULL,'0.00','672.00','4032.00','4032.00',NULL,NULL),(136,65,'Letter # 1 - \'a\'',NULL,'10.00','10.00','3.00','1000.00',1,'eur','metric','24190.00',NULL,'0.00','4838.00','29028.00','29028.00',NULL,NULL),(137,65,'GraphicElement # 1',NULL,'10.00','10.00','3.00','1000.00',1,'eur','metric','24190.00',NULL,'0.00','4838.00','29028.00','29028.00',NULL,NULL),(138,66,'GraphicElement # 1',NULL,'10.00','10.00','0.00','1000.00',1,'eur','metric','12340.00',NULL,'0.00','2468.00','14808.00','14808.00',NULL,NULL),(139,67,'Letter # 1 - \'C\'',NULL,'20.00','25.00','3.00','100.00',2,'eur','metric','2300.00','10.00','0.00','460.00','2760.00','5520.00',5,NULL),(140,67,'Letter # 2 - \'O\'',NULL,'20.00','25.00','3.00','120.00',2,'eur','metric','2310.00','8.00','0.00','462.00','2772.00','5544.00',4,NULL),(141,68,'Letter # 1 - \'C\'',NULL,'20.00','25.00','3.00','100.00',2,'eur','metric','1250.00',NULL,'500.00','250.00','2000.00','4000.00',30,NULL),(142,68,'Letter # 2 - \'O\'',NULL,'20.00','25.00','3.00','120.00',2,'eur','metric','1440.00',NULL,'600.00','288.00','2328.00','4656.00',36,NULL),(143,69,'Letter # 1 - \'C\'',NULL,'25.40','25.00','3.00','100.00',2,'eur','imperial','3611.25','10.00','0.00','722.25','4333.50','8667.00',30,NULL),(144,69,'Letter # 2 - \'O\'',NULL,'20.32','25.00','3.00','120.00',2,'eur','imperial','3889.00','8.00','0.00','777.80','4666.80','9333.60',36,NULL),(145,70,'Letter # 1 - \'C\'',NULL,'10.00','10.00','3.00','100.00',1,'eur','metric','1050.00',NULL,'500.00','210.00','1760.00','1760.00',30,NULL),(146,70,'Letter # 2 - \'O\'',NULL,'10.00','10.00','3.00','100.00',1,'eur','metric','1050.00',NULL,'500.00','210.00','1760.00','1760.00',30,NULL),(147,71,'Letter # 1 - \'5\'',NULL,'10.00','10.00','3.00','100.00',1,'eur','metric','1870.00','10.00','0.00','374.00','2244.00','2244.00',5,NULL),(148,71,'Letter # 2 - \'5\'',NULL,'10.00','10.00','3.00','100.00',1,'eur','metric','1870.00','10.00','0.00','374.00','2244.00','2244.00',5,NULL),(153,74,'Letter # 1 - \'C\'',NULL,'10.00','10.00','3.00','100.00',1,'eur','metric','1790.00','10.00','0.00','358.00','2148.00','2148.00',5,NULL),(154,74,'Letter # 2 - \'O\'',NULL,'10.00','10.00','3.00','100.00',1,'eur','metric','1790.00','10.00','0.00','358.00','2148.00','2148.00',5,NULL),(155,75,'Letter # 1 - \'C\'',NULL,'10.00','10.00','3.00','100.00',1,'eur','metric','1050.00',NULL,'500.00','210.00','1760.00','1760.00',30,NULL),(156,75,'Letter # 2 - \'O\'',NULL,'10.00','10.00','3.00','100.00',1,'eur','metric','1050.00',NULL,'500.00','210.00','1760.00','1760.00',30,NULL);

/*Table structure for table `item_option` */

CREATE TABLE `item_option` (
  `id` int(11) NOT NULL AUTO_INCREMENT,
  `product_id` int(11) DEFAULT NULL,
  `quote_id` int(11) DEFAULT NULL,
  `item_id` int(11) DEFAULT NULL,
  `category_id` int(11) DEFAULT NULL,
  `remark` varchar(100) COLLATE utf8_unicode_ci DEFAULT NULL,
  `categoryValue_id` int(11) DEFAULT NULL,
  PRIMARY KEY (`id`),
  KEY `IDX_DC7F757F4584665A` (`product_id`),
  KEY `IDX_DC7F757FDB805178` (`quote_id`),
  KEY `IDX_DC7F757F126F525E` (`item_id`),
  KEY `IDX_DC7F757F12469DE2` (`category_id`),
  KEY `IDX_DC7F757FB3C678F7` (`categoryValue_id`),
  CONSTRAINT `FK_DC7F757F12469DE2` FOREIGN KEY (`category_id`) REFERENCES `category` (`id`),
  CONSTRAINT `FK_DC7F757F126F525E` FOREIGN KEY (`item_id`) REFERENCES `item` (`id`),
  CONSTRAINT `FK_DC7F757F4584665A` FOREIGN KEY (`product_id`) REFERENCES `product` (`id`),
  CONSTRAINT `FK_DC7F757FB3C678F7` FOREIGN KEY (`categoryValue_id`) REFERENCES `category_value` (`id`),
  CONSTRAINT `FK_DC7F757FDB805178` FOREIGN KEY (`quote_id`) REFERENCES `quote_detail` (`quote_id`)
) ENGINE=InnoDB AUTO_INCREMENT=337 DEFAULT CHARSET=utf8 COLLATE=utf8_unicode_ci;

/*Data for the table `item_option` */

insert  into `item_option`(`id`,`product_id`,`quote_id`,`item_id`,`category_id`,`remark`,`categoryValue_id`) values (1,1,NULL,NULL,1,NULL,NULL),(2,1,NULL,NULL,3,NULL,NULL),(3,1,NULL,NULL,4,NULL,NULL),(4,1,NULL,NULL,5,NULL,NULL),(5,1,NULL,NULL,29,'labour cost',NULL),(6,2,NULL,NULL,10,NULL,NULL),(7,2,NULL,NULL,11,NULL,NULL),(8,2,NULL,NULL,12,NULL,NULL),(9,2,NULL,NULL,13,NULL,NULL),(10,2,NULL,NULL,14,NULL,NULL),(11,2,NULL,NULL,30,'labour cost',NULL),(12,3,NULL,NULL,15,NULL,NULL),(13,3,NULL,NULL,16,NULL,NULL),(14,3,NULL,NULL,17,NULL,NULL),(15,3,NULL,NULL,18,NULL,NULL),(16,3,NULL,NULL,19,NULL,NULL),(17,3,NULL,NULL,3,NULL,NULL),(18,3,NULL,NULL,31,'labour cost',NULL),(19,4,NULL,NULL,21,NULL,NULL),(20,4,NULL,NULL,22,NULL,NULL),(21,4,NULL,NULL,23,NULL,NULL),(22,4,NULL,NULL,32,'labour cost',NULL),(23,5,NULL,NULL,25,NULL,NULL),(24,5,NULL,NULL,22,NULL,NULL),(25,5,NULL,NULL,26,NULL,NULL),(26,5,NULL,NULL,27,NULL,NULL),(27,5,NULL,NULL,28,NULL,NULL),(28,5,NULL,NULL,33,'labour cost',NULL),(29,NULL,NULL,NULL,NULL,'TBD',NULL),(30,NULL,NULL,NULL,NULL,'TBD',NULL),(31,NULL,NULL,NULL,NULL,'TBD',NULL),(32,NULL,NULL,NULL,NULL,'TBD',NULL),(33,NULL,NULL,NULL,NULL,'TBD',NULL),(34,NULL,NULL,NULL,NULL,'TBD',NULL),(35,NULL,NULL,NULL,NULL,'TBD',NULL),(36,NULL,NULL,NULL,NULL,'TBD',NULL),(37,NULL,NULL,NULL,NULL,'TBD',NULL),(38,NULL,NULL,NULL,NULL,'TBD',NULL),(39,NULL,NULL,NULL,NULL,'TBD',NULL),(40,NULL,NULL,NULL,NULL,'TBD',NULL),(41,NULL,NULL,NULL,NULL,'TBD',NULL),(42,NULL,NULL,NULL,NULL,'TBD',NULL),(43,NULL,NULL,NULL,NULL,'TBD',NULL),(44,NULL,NULL,NULL,NULL,'TBD',NULL),(45,NULL,NULL,NULL,NULL,'TBD',NULL),(46,NULL,NULL,NULL,NULL,'TBD',NULL),(47,NULL,NULL,NULL,NULL,'TBD',NULL),(48,NULL,NULL,NULL,NULL,'TBD',NULL),(49,NULL,NULL,NULL,NULL,'TBD',NULL),(50,NULL,NULL,NULL,NULL,'TBD',NULL),(52,NULL,25,NULL,1,NULL,2),(53,NULL,25,NULL,2,NULL,3),(54,NULL,25,NULL,3,NULL,4),(55,NULL,25,NULL,4,NULL,5),(56,NULL,25,NULL,5,NULL,7),(57,NULL,25,NULL,6,NULL,10),(58,NULL,27,NULL,1,NULL,2),(59,NULL,27,NULL,2,NULL,3),(60,NULL,27,NULL,3,NULL,4),(61,NULL,27,NULL,4,NULL,5),(62,NULL,27,NULL,5,NULL,NULL),(63,NULL,27,NULL,6,NULL,10),(65,NULL,28,NULL,1,NULL,1),(66,NULL,28,NULL,2,NULL,3),(67,NULL,28,NULL,3,NULL,4),(68,NULL,28,NULL,4,NULL,16),(69,NULL,28,NULL,5,NULL,6),(70,NULL,28,NULL,6,NULL,10),(71,NULL,28,NULL,9,NULL,8),(72,NULL,31,NULL,1,NULL,2),(73,NULL,31,NULL,2,NULL,3),(74,NULL,31,NULL,3,NULL,4),(75,NULL,31,NULL,4,NULL,16),(76,NULL,31,NULL,5,NULL,6),(77,NULL,31,NULL,6,NULL,10),(78,NULL,31,NULL,9,NULL,8),(79,NULL,32,NULL,1,NULL,2),(80,NULL,32,NULL,2,NULL,3),(81,NULL,32,NULL,3,NULL,4),(82,NULL,32,NULL,4,NULL,5),(83,NULL,32,NULL,5,NULL,6),(84,NULL,32,NULL,6,NULL,10),(85,NULL,32,NULL,9,NULL,8),(86,NULL,33,NULL,1,NULL,NULL),(87,NULL,33,NULL,2,NULL,3),(88,NULL,33,NULL,3,NULL,4),(89,NULL,33,NULL,4,NULL,5),(90,NULL,33,NULL,5,NULL,NULL),(91,NULL,33,NULL,6,NULL,10),(92,NULL,33,NULL,9,NULL,NULL),(93,NULL,34,NULL,1,NULL,2),(94,NULL,34,NULL,2,NULL,3),(95,NULL,34,NULL,3,NULL,4),(96,NULL,34,NULL,4,NULL,5),(97,NULL,34,NULL,5,NULL,6),(98,NULL,34,NULL,6,NULL,10),(99,NULL,34,NULL,9,NULL,NULL),(100,NULL,35,NULL,1,NULL,2),(101,NULL,35,NULL,2,NULL,3),(102,NULL,35,NULL,3,NULL,4),(103,NULL,35,NULL,4,NULL,5),(104,NULL,35,NULL,5,NULL,6),(105,NULL,35,NULL,6,NULL,10),(106,NULL,35,NULL,9,NULL,8),(107,NULL,36,NULL,1,NULL,1),(108,NULL,36,NULL,2,NULL,3),(109,NULL,36,NULL,3,NULL,4),(110,NULL,36,NULL,4,NULL,5),(111,NULL,36,NULL,5,NULL,6),(112,NULL,36,NULL,6,NULL,10),(113,NULL,36,NULL,9,NULL,8),(114,NULL,38,NULL,1,NULL,2),(115,NULL,38,NULL,2,NULL,3),(116,NULL,38,NULL,3,NULL,4),(117,NULL,38,NULL,4,NULL,5),(118,NULL,38,NULL,5,NULL,6),(119,NULL,38,NULL,6,NULL,10),(120,NULL,38,NULL,9,NULL,9),(121,NULL,39,NULL,1,NULL,2),(122,NULL,39,NULL,2,NULL,3),(123,NULL,39,NULL,3,NULL,4),(124,NULL,39,NULL,4,NULL,5),(125,NULL,39,NULL,5,NULL,6),(126,NULL,39,NULL,6,NULL,10),(127,NULL,39,NULL,9,NULL,NULL),(128,NULL,40,NULL,1,NULL,2),(129,NULL,40,NULL,3,NULL,4),(130,NULL,40,NULL,4,NULL,5),(131,NULL,40,NULL,5,NULL,6),(132,NULL,40,NULL,6,NULL,10),(133,NULL,40,NULL,9,NULL,NULL),(134,NULL,41,NULL,15,NULL,57),(135,NULL,41,NULL,16,NULL,44),(136,NULL,41,NULL,17,NULL,59),(137,NULL,41,NULL,18,NULL,60),(138,NULL,41,NULL,19,NULL,61),(139,NULL,41,NULL,3,NULL,4),(140,NULL,41,NULL,6,NULL,10),(141,NULL,42,NULL,15,NULL,57),(142,NULL,42,NULL,16,NULL,44),(143,NULL,42,NULL,17,NULL,59),(144,NULL,42,NULL,18,NULL,60),(145,NULL,42,NULL,19,NULL,61),(146,NULL,42,NULL,3,NULL,4),(147,NULL,42,NULL,6,NULL,10),(148,NULL,43,NULL,1,NULL,2),(149,NULL,43,NULL,3,NULL,4),(150,NULL,43,NULL,4,NULL,5),(151,NULL,43,NULL,5,NULL,6),(152,NULL,43,NULL,6,NULL,10),(153,NULL,43,NULL,9,NULL,9),(154,NULL,45,NULL,1,NULL,2),(155,NULL,45,NULL,3,NULL,4),(156,NULL,45,NULL,4,NULL,5),(157,NULL,45,NULL,5,NULL,NULL),(158,NULL,45,NULL,6,NULL,10),(159,NULL,45,NULL,9,NULL,NULL),(160,NULL,46,NULL,1,NULL,2),(161,NULL,46,NULL,3,NULL,4),(162,NULL,46,NULL,4,NULL,5),(163,NULL,46,NULL,5,NULL,6),(164,NULL,46,NULL,6,NULL,10),(165,NULL,46,NULL,9,NULL,8),(166,NULL,47,NULL,1,NULL,2),(167,NULL,47,NULL,3,NULL,4),(168,NULL,47,NULL,4,NULL,13),(169,NULL,47,NULL,5,NULL,6),(170,NULL,47,NULL,6,NULL,10),(171,NULL,47,NULL,9,NULL,9),(172,NULL,48,NULL,10,NULL,20),(173,NULL,48,NULL,11,NULL,23),(174,NULL,48,NULL,12,NULL,26),(175,NULL,48,NULL,13,NULL,37),(176,NULL,48,NULL,14,NULL,42),(177,NULL,48,NULL,6,NULL,10),(178,NULL,49,NULL,15,NULL,57),(179,NULL,49,NULL,16,NULL,52),(180,NULL,49,NULL,17,NULL,59),(181,NULL,49,NULL,18,NULL,60),(182,NULL,49,NULL,19,NULL,61),(183,NULL,49,NULL,3,NULL,4),(184,NULL,49,NULL,6,NULL,10),(185,NULL,50,NULL,21,NULL,81),(186,NULL,50,NULL,22,NULL,137),(187,NULL,50,NULL,23,NULL,91),(188,NULL,50,NULL,6,NULL,10),(201,NULL,53,NULL,15,NULL,57),(202,NULL,53,NULL,16,NULL,50),(203,NULL,53,NULL,17,NULL,59),(204,NULL,53,NULL,18,NULL,60),(205,NULL,53,NULL,19,NULL,61),(206,NULL,53,NULL,3,NULL,4),(207,NULL,53,NULL,6,NULL,10),(208,NULL,54,NULL,10,NULL,21),(209,NULL,54,NULL,11,NULL,NULL),(210,NULL,54,NULL,12,NULL,24),(211,NULL,54,NULL,13,NULL,37),(212,NULL,54,NULL,14,NULL,42),(213,NULL,54,NULL,6,NULL,10),(214,NULL,55,NULL,1,NULL,2),(215,NULL,55,NULL,3,NULL,4),(216,NULL,55,NULL,4,NULL,5),(217,NULL,55,NULL,5,NULL,6),(218,NULL,55,NULL,6,NULL,10),(219,NULL,55,NULL,9,NULL,8),(220,NULL,56,NULL,1,NULL,2),(221,NULL,56,NULL,3,NULL,4),(222,NULL,56,NULL,4,NULL,13),(223,NULL,56,NULL,5,NULL,6),(224,NULL,56,NULL,6,NULL,10),(225,NULL,56,NULL,9,NULL,8),(226,NULL,57,NULL,10,NULL,21),(227,NULL,57,NULL,11,NULL,23),(228,NULL,57,NULL,12,NULL,24),(229,NULL,57,NULL,13,NULL,37),(230,NULL,57,NULL,14,NULL,42),(231,NULL,57,NULL,6,NULL,10),(232,NULL,58,NULL,21,NULL,70),(233,NULL,58,NULL,22,NULL,137),(234,NULL,58,NULL,23,NULL,91),(235,NULL,58,NULL,6,NULL,10),(236,NULL,59,NULL,10,NULL,21),(237,NULL,59,NULL,11,NULL,23),(238,NULL,59,NULL,12,NULL,27),(239,NULL,59,NULL,13,NULL,38),(240,NULL,59,NULL,14,NULL,42),(241,NULL,59,NULL,6,NULL,10),(242,NULL,60,NULL,1,NULL,2),(243,NULL,60,NULL,3,NULL,4),(244,NULL,60,NULL,4,NULL,5),(245,NULL,60,NULL,5,NULL,7),(246,NULL,60,NULL,6,NULL,10),(247,NULL,60,NULL,9,NULL,NULL),(248,NULL,61,NULL,10,NULL,20),(249,NULL,61,NULL,11,NULL,NULL),(250,NULL,61,NULL,12,NULL,24),(251,NULL,61,NULL,13,NULL,37),(252,NULL,61,NULL,14,NULL,42),(253,NULL,61,NULL,6,NULL,10),(254,NULL,62,NULL,15,NULL,57),(255,NULL,62,NULL,16,NULL,44),(256,NULL,62,NULL,17,NULL,59),(257,NULL,62,NULL,18,NULL,60),(258,NULL,62,NULL,19,NULL,61),(259,NULL,62,NULL,3,NULL,4),(260,NULL,62,NULL,6,NULL,10),(261,NULL,63,NULL,21,NULL,62),(262,NULL,63,NULL,22,NULL,134),(263,NULL,63,NULL,23,NULL,92),(264,NULL,63,NULL,6,NULL,10),(265,NULL,64,NULL,25,NULL,97),(266,NULL,64,NULL,22,NULL,134),(267,NULL,64,NULL,26,NULL,126),(268,NULL,64,NULL,27,NULL,129),(269,NULL,64,NULL,28,NULL,133),(270,NULL,64,NULL,6,NULL,10),(271,NULL,65,NULL,15,NULL,57),(272,NULL,65,NULL,16,NULL,50),(273,NULL,65,NULL,17,NULL,59),(274,NULL,65,NULL,18,NULL,NULL),(275,NULL,65,NULL,19,NULL,61),(276,NULL,65,NULL,3,NULL,4),(277,NULL,65,NULL,6,NULL,10),(278,NULL,66,NULL,25,NULL,101),(279,NULL,66,NULL,22,NULL,136),(280,NULL,66,NULL,26,NULL,127),(281,NULL,66,NULL,27,NULL,NULL),(282,NULL,66,NULL,28,NULL,133),(283,NULL,66,NULL,6,NULL,10),(284,NULL,67,NULL,1,NULL,2),(285,NULL,67,NULL,3,NULL,4),(286,NULL,67,NULL,4,NULL,5),(287,NULL,67,NULL,5,NULL,7),(288,NULL,67,NULL,6,NULL,10),(289,NULL,67,NULL,9,NULL,NULL),(290,NULL,68,NULL,10,NULL,20),(291,NULL,68,NULL,11,NULL,22),(292,NULL,68,NULL,12,NULL,24),(293,NULL,68,NULL,13,NULL,38),(294,NULL,68,NULL,14,NULL,42),(295,NULL,68,NULL,6,NULL,10),(296,NULL,69,NULL,1,NULL,2),(297,NULL,69,NULL,3,NULL,4),(298,NULL,69,NULL,4,NULL,11),(299,NULL,69,NULL,5,NULL,6),(300,NULL,69,NULL,6,NULL,10),(301,NULL,69,NULL,9,NULL,NULL),(302,NULL,70,NULL,10,NULL,20),(303,NULL,70,NULL,11,NULL,22),(304,NULL,70,NULL,12,NULL,26),(305,NULL,70,NULL,13,NULL,41),(306,NULL,70,NULL,14,NULL,42),(307,NULL,70,NULL,6,NULL,10),(308,NULL,71,NULL,1,NULL,1),(309,NULL,71,NULL,3,NULL,4),(310,NULL,71,NULL,4,NULL,5),(311,NULL,71,NULL,5,NULL,NULL),(312,NULL,71,NULL,6,NULL,10),(313,NULL,71,NULL,9,NULL,8),(326,NULL,74,NULL,1,NULL,2),(327,NULL,74,NULL,3,NULL,4),(328,NULL,74,NULL,4,NULL,5),(329,NULL,74,NULL,5,NULL,7),(330,NULL,74,NULL,29,NULL,138),(331,NULL,75,NULL,10,NULL,20),(332,NULL,75,NULL,11,NULL,22),(333,NULL,75,NULL,12,NULL,24),(334,NULL,75,NULL,13,NULL,37),(335,NULL,75,NULL,14,NULL,42),(336,NULL,75,NULL,30,NULL,139);

/*Table structure for table `location` */

CREATE TABLE `location` (
  `id` int(11) NOT NULL AUTO_INCREMENT,
  `name` varchar(100) COLLATE utf8_unicode_ci DEFAULT NULL,
  `address` varchar(255) COLLATE utf8_unicode_ci NOT NULL,
  `zipcode` varchar(100) COLLATE utf8_unicode_ci NOT NULL,
  `city` varchar(100) COLLATE utf8_unicode_ci NOT NULL,
  `country` varchar(100) COLLATE utf8_unicode_ci NOT NULL,
  PRIMARY KEY (`id`)
) ENGINE=InnoDB AUTO_INCREMENT=39 DEFAULT CHARSET=utf8 COLLATE=utf8_unicode_ci;

/*Data for the table `location` */

insert  into `location`(`id`,`name`,`address`,`zipcode`,`city`,`country`) values (1,NULL,'22 Soi Phokaew 1, Yaek 5, Khlong Chan, Bangkapi, Bangkok 10240, Thailand','10240','Bangkok','TH'),(2,NULL,'22 Soi Phokaew 1, Yaek 5, Khlong Chan, Bangkapi, Bangkok 10240, Thailand','10240','Bangkok','TH'),(3,NULL,'22 Soi Phokaew 1, Yaek 5, Khlong Chan, Bangkapi, Bangkok 10240, Thailand','10240','Bangkok','TH'),(4,NULL,'22 Soi Phokaew 1, Yaek 5, Khlong Chan, Bangkapi, Bangkok 10240, Thailand','10240','Bangkok','TH'),(5,NULL,'cccc','cccc','cccc','BH'),(6,NULL,'cccc','cccc','cccc','BH'),(7,NULL,'dddd','dddd','dddd','BS'),(8,NULL,'dddd','10500','dddd','AD'),(9,NULL,'eeee','eeee','eeee','GT'),(10,NULL,'eeee','eeee','eeee','LS'),(11,NULL,'ffff','ffff','ffff','AZ'),(12,NULL,'ffff','ffff','ffff','AZ'),(13,NULL,'company[billingAddress][address]','90210','company[billingAddress][city]','AF'),(14,NULL,'company[shippingAddress][address]','90210','company[shippingAddress][city]','AF'),(15,NULL,'broughton','242344','chester','AF'),(16,NULL,'broughton','21133','chester','AF'),(17,NULL,'yoyo address','10500','Bagnkok','TH'),(18,NULL,'yoyo address','10500','Bagnkok','TH'),(19,NULL,'ถนนอโศก 90cv très agréable à conduire\r\n13 A/F South Tower, World Finance Center,\r\nHarbour City, 17 Canton Road,\r\nTsim Sha Tsui, Kowloon, Hong Kong','101100','Kowloon','HK'),(20,NULL,'Unit 21/1, 21st Floor, BUI Building, \r\n177/1 Surawong Rd.,\r\nBangrak, Bangkok 10500, Thailand','10500','Bangkok','TH'),(21,NULL,'Central Embassy ชั้น 3 เลขที่ 1031 ถ.เพลินจิต แขวงลุมพินี เขตปทุมวัน กทม. 10330, กรุงเทพมหานคร, 10330','10330','Bangkok','TH'),(22,NULL,'Central Embassy ชั้น 3 เลขที่ 1031 ถ.เพลินจิต แขวงลุมพินี เขตปทุมวัน กทม. 10330, กรุงเทพมหานคร, 10330','10330','Bangkok','TH'),(23,NULL,'yyy','10500','BKK','AT'),(24,NULL,'yyy','10500','BKK','AT'),(25,NULL,'aaaa','aaaa','aaa','AZ'),(26,NULL,'aaaa','aaaa','aaa','AZ'),(27,NULL,'555','555','55','AT'),(28,NULL,'555','555','55','AT'),(31,NULL,'asdfasdfa','asdfad','fadfadf','AW'),(32,NULL,'asdfasdfa','asdfad','fadfadf','AW'),(33,NULL,'36 rue du Bac','75007','Paris','FR'),(34,NULL,'36 rue du Bac','75007','Paris','FR'),(35,NULL,'address','10300','City','TH'),(36,NULL,'address','10300','City','TH'),(37,NULL,'Internal Company','10500','10000','AL'),(38,NULL,'Internal Company','10500','10000','AL');

/*Table structure for table `product` */

CREATE TABLE `product` (
  `id` int(11) NOT NULL AUTO_INCREMENT,
  `name` varchar(100) COLLATE utf8_unicode_ci NOT NULL,
  `description` longtext COLLATE utf8_unicode_ci,
  `company_id` int(11) DEFAULT NULL,
  PRIMARY KEY (`id`),
  KEY `IDX_D34A04AD979B1AD6` (`company_id`),
  CONSTRAINT `FK_D34A04AD979B1AD6` FOREIGN KEY (`company_id`) REFERENCES `company` (`id`)
) ENGINE=InnoDB AUTO_INCREMENT=6 DEFAULT CHARSET=utf8 COLLATE=utf8_unicode_ci;

/*Data for the table `product` */

insert  into `product`(`id`,`name`,`description`,`company_id`) values (1,'Acrylic','Acrylic',2),(2,'Inox','Inox',1),(3,'Acrynox','Acrynox',2),(4,'Flat Cut','Flat Cut',1),(5,'Plaque','Plaque',1);

/*Table structure for table `quote` */

CREATE TABLE `quote` (
  `id` int(11) NOT NULL AUTO_INCREMENT,
  `company_id` int(11) DEFAULT NULL,
  `user_id` int(11) DEFAULT NULL,
  `code` varchar(100) COLLATE utf8_unicode_ci NOT NULL,
  `name` varchar(100) COLLATE utf8_unicode_ci NOT NULL,
  `description` varchar(255) COLLATE utf8_unicode_ci DEFAULT NULL,
  `quantity` int(11) NOT NULL,
  `currency` varchar(3) COLLATE utf8_unicode_ci NOT NULL,
  `measureUnit` varchar(10) COLLATE utf8_unicode_ci NOT NULL,
  `status` varchar(10) COLLATE utf8_unicode_ci NOT NULL,
  `currencyRate` decimal(10,5) NOT NULL,
  `price` decimal(10,2) DEFAULT NULL,
  `priceTransport` decimal(10,2) DEFAULT NULL,
  `createdAt` datetime NOT NULL,
  `modifiedAt` datetime NOT NULL,
  `margin` decimal(10,2) NOT NULL,
  `additionalCost` decimal(10,2) NOT NULL,
  `priceSelling` decimal(10,2) NOT NULL,
  `priceSellingTotalAll` decimal(10,2) NOT NULL,
  `discount` decimal(10,2) NOT NULL,
  `adminFee` decimal(10,2) NOT NULL,
  `priceSellingTotalFinal` decimal(10,2) DEFAULT NULL,
  `volume` decimal(10,2) NOT NULL,
  `weightTransport` decimal(10,2) NOT NULL,
  `priceGrandTotal` decimal(10,2) NOT NULL,
  `priceTransportSub` decimal(10,2) DEFAULT NULL,
  `priceTransportRemoteArea` decimal(10,2) DEFAULT NULL,
  `priceTransportFuel` decimal(10,2) DEFAULT NULL,
  `priceTransportSafety` decimal(10,2) DEFAULT NULL,
  `statusPayment` tinyint(1) NOT NULL,
  `numOfLed` int(11) DEFAULT NULL,
  `priceAdaptor` decimal(10,2) DEFAULT NULL,
  `adaptorType` varchar(20) COLLATE utf8_unicode_ci DEFAULT NULL,
  `confirmedAt` datetime NOT NULL,
  `paidAt` datetime NOT NULL,
  `trackingNo` varchar(100) COLLATE utf8_unicode_ci DEFAULT NULL,
  `deliveredAt` datetime NOT NULL,
  PRIMARY KEY (`id`),
  UNIQUE KEY `UNIQ_6B71CBF477153098` (`code`),
  KEY `IDX_6B71CBF4979B1AD6` (`company_id`),
  KEY `IDX_6B71CBF4A76ED395` (`user_id`),
  CONSTRAINT `FK_6B71CBF4979B1AD6` FOREIGN KEY (`company_id`) REFERENCES `company` (`id`),
  CONSTRAINT `FK_6B71CBF4A76ED395` FOREIGN KEY (`user_id`) REFERENCES `user_user` (`id`)
) ENGINE=InnoDB AUTO_INCREMENT=76 DEFAULT CHARSET=utf8 COLLATE=utf8_unicode_ci;

/*Data for the table `quote` */

insert  into `quote`(`id`,`company_id`,`user_id`,`code`,`name`,`description`,`quantity`,`currency`,`measureUnit`,`status`,`currencyRate`,`price`,`priceTransport`,`createdAt`,`modifiedAt`,`margin`,`additionalCost`,`priceSelling`,`priceSellingTotalAll`,`discount`,`adminFee`,`priceSellingTotalFinal`,`volume`,`weightTransport`,`priceGrandTotal`,`priceTransportSub`,`priceTransportRemoteArea`,`priceTransportFuel`,`priceTransportSafety`,`statusPayment`,`numOfLed`,`priceAdaptor`,`adaptorType`,`confirmedAt`,`paidAt`,`trackingNo`,`deliveredAt`) values (1,1,NULL,'eaqlv93p','aaaa','aaaa',2,'eur','metric','CON','0.00000',NULL,NULL,'2014-07-16 17:57:05','0000-00-00 00:00:00','0.00','0.00','0.00','0.00','0.00','0.00',NULL,'0.00','0.00','0.00',NULL,NULL,NULL,NULL,0,NULL,NULL,NULL,'0000-00-00 00:00:00','0000-00-00 00:00:00',NULL,'0000-00-00 00:00:00'),(2,4,NULL,'f1nda5qy','bbbb bbbb','bbbb',2,'eur','metric','EXP','0.00000',NULL,NULL,'2014-07-16 17:57:14','2014-08-25 11:55:00','0.00','0.00','0.00','0.00','0.00','0.00',NULL,'0.00','0.00','0.00',NULL,NULL,NULL,NULL,0,NULL,NULL,NULL,'0000-00-00 00:00:00','0000-00-00 00:00:00',NULL,'0000-00-00 00:00:00'),(3,7,NULL,'7y138g5w','CCCC','cccc',3,'eur','metric','EXP','0.00000',NULL,NULL,'2014-08-16 17:57:18','0000-00-00 00:00:00','0.00','0.00','0.00','0.00','0.00','0.00',NULL,'0.00','0.00','0.00',NULL,NULL,NULL,NULL,0,NULL,NULL,NULL,'0000-00-00 00:00:00','0000-00-00 00:00:00',NULL,'0000-00-00 00:00:00'),(4,8,NULL,'87vzmki2','dddd','dddd',5,'eur','metric','CON','0.00000',NULL,NULL,'2014-07-17 17:57:09','0000-00-00 00:00:00','0.00','0.00','0.00','0.00','0.00','0.00',NULL,'0.00','0.00','0.00',NULL,NULL,NULL,NULL,0,NULL,NULL,NULL,'0000-00-00 00:00:00','0000-00-00 00:00:00',NULL,'0000-00-00 00:00:00'),(5,7,NULL,'6favkfbc','ffff','ffff',1,'eur','metric','EXP','0.00000',NULL,NULL,'2014-07-18 17:57:22','2014-08-25 11:55:00','0.00','0.00','0.00','0.00','0.00','0.00',NULL,'0.00','0.00','0.00',NULL,NULL,NULL,NULL,0,NULL,NULL,NULL,'0000-00-00 00:00:00','0000-00-00 00:00:00',NULL,'0000-00-00 00:00:00'),(6,7,NULL,'zzzf8al0','ffff','ffff',1,'eur','metric','EXP','0.00000',NULL,NULL,'2014-07-18 17:57:41','2014-08-25 11:55:00','0.00','0.00','0.00','0.00','0.00','0.00',NULL,'0.00','0.00','0.00',NULL,NULL,NULL,NULL,0,NULL,NULL,NULL,'0000-00-00 00:00:00','0000-00-00 00:00:00',NULL,'0000-00-00 00:00:00'),(7,4,NULL,'zq3b2xrp','gggg','gggg',1,'usd','imperial','EXP','0.00000',NULL,NULL,'2014-07-18 17:57:45','2014-08-25 11:55:00','0.00','0.00','0.00','0.00','0.00','0.00',NULL,'0.00','0.00','0.00',NULL,NULL,NULL,NULL,0,NULL,NULL,NULL,'0000-00-00 00:00:00','0000-00-00 00:00:00',NULL,'0000-00-00 00:00:00'),(8,4,NULL,'3p5idbdw','gggg','gggg',1,'usd','imperial','EXP','0.00000',NULL,NULL,'2014-07-18 17:57:49','2014-08-25 11:55:00','0.00','0.00','0.00','0.00','0.00','0.00',NULL,'0.00','0.00','0.00',NULL,NULL,NULL,NULL,0,NULL,NULL,NULL,'0000-00-00 00:00:00','0000-00-00 00:00:00',NULL,'0000-00-00 00:00:00'),(9,1,NULL,'hf81tj14','hhhh','hhhh',1,'eur','metric','EXP','0.00000',NULL,NULL,'2014-07-18 23:23:15','2014-08-25 11:55:00','0.00','0.00','0.00','0.00','0.00','0.00',NULL,'0.00','0.00','0.00',NULL,NULL,NULL,NULL,0,NULL,NULL,NULL,'0000-00-00 00:00:00','0000-00-00 00:00:00',NULL,'0000-00-00 00:00:00'),(11,1,NULL,'0wc1cupu','hhhh','hhhh',1,'eur','metric','CON','0.00000',NULL,NULL,'2014-07-18 23:23:15','0000-00-00 00:00:00','0.00','0.00','0.00','0.00','0.00','0.00',NULL,'0.00','0.00','0.00',NULL,NULL,NULL,NULL,0,NULL,NULL,NULL,'0000-00-00 00:00:00','0000-00-00 00:00:00',NULL,'0000-00-00 00:00:00'),(12,1,NULL,'oa4vfgmf','hhhh','hhhh',1,'eur','metric','CON','0.00000',NULL,NULL,'2014-07-18 23:23:15','0000-00-00 00:00:00','0.00','0.00','0.00','0.00','0.00','0.00',NULL,'0.00','0.00','0.00',NULL,NULL,NULL,NULL,0,NULL,NULL,NULL,'0000-00-00 00:00:00','0000-00-00 00:00:00',NULL,'0000-00-00 00:00:00'),(13,1,NULL,'7lnvqsag','hhhh','hhhh',1,'eur','metric','CON','0.00000',NULL,NULL,'2014-07-18 23:23:15','0000-00-00 00:00:00','0.00','0.00','0.00','0.00','0.00','0.00',NULL,'0.00','0.00','0.00',NULL,NULL,NULL,NULL,0,NULL,NULL,NULL,'0000-00-00 00:00:00','0000-00-00 00:00:00',NULL,'0000-00-00 00:00:00'),(14,7,NULL,'tu1qpmmi','jjjj','jjjj',1,'eur','metric','EXP','0.00000',NULL,NULL,'2014-07-18 23:23:15','2014-08-27 16:03:24','0.00','0.00','0.00','0.00','0.00','0.00',NULL,'0.00','0.00','0.00',NULL,NULL,NULL,NULL,1,NULL,NULL,NULL,'0000-00-00 00:00:00','0000-00-00 00:00:00',NULL,'0000-00-00 00:00:00'),(15,7,NULL,'dkub2mjf','jjjj','jjjj',1,'eur','metric','EXP','0.00000',NULL,NULL,'2014-07-18 23:23:15','2014-08-25 11:55:00','0.00','0.00','0.00','0.00','0.00','0.00',NULL,'0.00','0.00','0.00',NULL,NULL,NULL,NULL,0,NULL,NULL,NULL,'0000-00-00 00:00:00','0000-00-00 00:00:00',NULL,'0000-00-00 00:00:00'),(16,1,NULL,'ul6e69n6','kkkk','kkkk',1,'eur','metric','EXP','0.00000',NULL,NULL,'2014-07-18 23:23:15','2014-08-25 11:55:00','0.00','0.00','0.00','0.00','0.00','0.00',NULL,'0.00','0.00','0.00',NULL,NULL,NULL,NULL,0,NULL,NULL,NULL,'0000-00-00 00:00:00','0000-00-00 00:00:00',NULL,'0000-00-00 00:00:00'),(17,4,NULL,'rem0am5a','llll','llll',1,'eur','metric','CON','0.00000',NULL,NULL,'2014-07-18 23:23:15','0000-00-00 00:00:00','0.00','0.00','0.00','0.00','0.00','0.00',NULL,'0.00','0.00','0.00',NULL,NULL,NULL,NULL,0,NULL,NULL,NULL,'0000-00-00 00:00:00','0000-00-00 00:00:00',NULL,'0000-00-00 00:00:00'),(18,1,NULL,'hy8yjpnp','Nike Logo','Nike Logo',2,'usd','metric','EXP','0.00000',NULL,NULL,'2014-07-18 23:23:15','2014-08-25 11:55:00','0.00','0.00','0.00','0.00','0.00','0.00',NULL,'0.00','0.00','0.00',NULL,NULL,NULL,NULL,0,NULL,NULL,NULL,'0000-00-00 00:00:00','0000-00-00 00:00:00',NULL,'0000-00-00 00:00:00'),(19,1,NULL,'tj1445gg','Max Logo','Max',5,'eur','metric','EXP','0.02338','236680.80',NULL,'2014-07-18 23:23:15','2014-08-25 11:55:00','0.00','0.00','0.00','0.00','0.00','0.00',NULL,'0.00','0.00','0.00',NULL,NULL,NULL,NULL,0,NULL,NULL,NULL,'0000-00-00 00:00:00','0000-00-00 00:00:00',NULL,'0000-00-00 00:00:00'),(20,8,NULL,'ovq45fyt','yoyo','yoyo',1,'eur','metric','EXP','0.02338','6135.30',NULL,'2014-07-18 23:23:15','2014-08-25 11:55:00','0.00','0.00','0.00','0.00','0.00','0.00',NULL,'0.00','0.00','0.00',NULL,NULL,NULL,NULL,0,NULL,NULL,NULL,'0000-00-00 00:00:00','0000-00-00 00:00:00',NULL,'0000-00-00 00:00:00'),(21,1,NULL,'6arl19mf','yyyy','yyyy',1,'eur','metric','EXP','0.02338','246972.00',NULL,'2014-07-18 23:23:15','2014-08-25 11:55:00','0.00','0.00','0.00','0.00','0.00','0.00',NULL,'0.00','0.00','0.00',NULL,NULL,NULL,NULL,0,NULL,NULL,NULL,'0000-00-00 00:00:00','0000-00-00 00:00:00',NULL,'0000-00-00 00:00:00'),(22,1,NULL,'rhy8yjpn','kkkk','kkkkk',2,'eur','metric','EXP','0.02338','313944.00',NULL,'2014-07-18 23:23:15','2014-08-25 11:55:00','0.00','0.00','0.00','0.00','0.00','0.00',NULL,'0.00','0.00','0.00',NULL,NULL,NULL,NULL,0,NULL,NULL,NULL,'0000-00-00 00:00:00','0000-00-00 00:00:00',NULL,'0000-00-00 00:00:00'),(23,8,NULL,'vxbl612o','nnnn','nnnn',2,'eur','metric','EXP','0.02338','262272.00',NULL,'2014-07-18 23:23:15','2014-08-25 11:55:00','0.00','0.00','0.00','0.00','0.00','0.00',NULL,'0.00','0.00','0.00',NULL,NULL,NULL,NULL,0,NULL,NULL,NULL,'0000-00-00 00:00:00','0000-00-00 00:00:00',NULL,'0000-00-00 00:00:00'),(24,4,NULL,'4a5sbryb','eeee','eeee',1,'eur','imperial','EXP','0.02338','0.00',NULL,'2014-07-18 23:23:15','2014-08-25 11:55:00','0.00','0.00','0.00','0.00','0.00','0.00',NULL,'0.00','0.00','0.00',NULL,NULL,NULL,NULL,0,NULL,NULL,NULL,'0000-00-00 00:00:00','0000-00-00 00:00:00',NULL,'0000-00-00 00:00:00'),(25,1,NULL,'qoulejgh','ppppe','ppppe',1,'usd','metric','PEN','0.03147','39170.40',NULL,'2014-07-27 21:24:57','2014-07-27 21:25:38','0.00','0.00','0.00','0.00','0.00','0.00',NULL,'0.00','0.00','0.00',NULL,NULL,NULL,NULL,0,NULL,NULL,NULL,'0000-00-00 00:00:00','0000-00-00 00:00:00',NULL,'0000-00-00 00:00:00'),(26,1,NULL,'gz7uy0fn','tttt','tttt',1,'usd','metric','PEN','0.03147',NULL,NULL,'2014-07-27 21:29:47','2014-07-27 21:29:47','0.00','0.00','0.00','0.00','0.00','0.00',NULL,'0.00','0.00','0.00',NULL,NULL,NULL,NULL,0,NULL,NULL,NULL,'0000-00-00 00:00:00','0000-00-00 00:00:00',NULL,'0000-00-00 00:00:00'),(27,1,NULL,'xsll6xdy','yyyy','yyyy',1,'usd','metric','PEN','0.03147','31186.80',NULL,'2014-07-27 21:36:06','2014-07-27 21:36:06','0.00','0.00','0.00','0.00','0.00','0.00',NULL,'0.00','0.00','0.00',NULL,NULL,NULL,NULL,0,NULL,NULL,NULL,'0000-00-00 00:00:00','0000-00-00 00:00:00',NULL,'0000-00-00 00:00:00'),(28,8,NULL,'d2q59wq4','88888','88888',1,'eur','metric','PEN','0.02338','1836.00',NULL,'2014-07-27 21:57:39','2014-07-27 21:57:39','0.00','0.00','0.00','0.00','0.00','0.00',NULL,'0.00','0.00','0.00',NULL,NULL,NULL,NULL,0,NULL,NULL,NULL,'0000-00-00 00:00:00','0000-00-00 00:00:00',NULL,'0000-00-00 00:00:00'),(29,4,NULL,'qff81tj1','bbbb','bbbb',30,'eur','metric','PEN','0.02338',NULL,NULL,'2014-07-28 08:33:46','2014-07-28 08:33:46','0.00','0.00','0.00','0.00','0.00','0.00',NULL,'0.00','0.00','0.00',NULL,NULL,NULL,NULL,0,NULL,NULL,NULL,'0000-00-00 00:00:00','0000-00-00 00:00:00',NULL,'0000-00-00 00:00:00'),(31,4,NULL,'c1draqlv','kkkk','kkkk',40,'eur','metric','PEN','0.02338','6187200.00',NULL,'2014-07-28 08:36:43','2014-07-28 08:36:43','0.00','0.00','0.00','0.00','0.00','0.00',NULL,'0.00','0.00','0.00',NULL,NULL,NULL,NULL,0,NULL,NULL,NULL,'0000-00-00 00:00:00','0000-00-00 00:00:00',NULL,'0000-00-00 00:00:00'),(32,8,NULL,'o0k5gyku','yyyyy','yyyyy',10,'eur','metric','PEN','0.02338','1545000.00',NULL,'2014-07-29 06:17:52','2014-07-29 06:17:52','0.00','0.00','0.00','0.00','0.00','0.00',NULL,'0.00','0.00','0.00',NULL,NULL,NULL,NULL,0,NULL,NULL,NULL,'0000-00-00 00:00:00','0000-00-00 00:00:00',NULL,'0000-00-00 00:00:00'),(33,1,NULL,'azgviq7w','xxxx','xxx',1,'eur','metric','PEN','0.02338','0.00',NULL,'2014-07-29 06:22:39','2014-07-29 06:22:39','0.00','0.00','0.00','0.00','0.00','0.00',NULL,'0.00','0.00','0.00',NULL,NULL,NULL,NULL,0,NULL,NULL,NULL,'0000-00-00 00:00:00','0000-00-00 00:00:00',NULL,'0000-00-00 00:00:00'),(34,1,NULL,'2g06ot2h','ttt','tt',1,'eur','metric','PEN','0.02338','7680.00',NULL,'2014-07-29 06:25:16','2014-07-29 06:25:16','0.00','0.00','0.00','0.00','0.00','0.00',NULL,'0.00','0.00','0.00',NULL,NULL,NULL,NULL,0,NULL,NULL,NULL,'0000-00-00 00:00:00','0000-00-00 00:00:00',NULL,'0000-00-00 00:00:00'),(35,1,NULL,'20fnfitb','wwww','wwww',1,'eur','metric','PEN','0.02338','92700.00',NULL,'2014-07-29 08:45:45','2014-07-29 08:45:46','0.00','0.00','0.00','0.00','0.00','0.00',NULL,'0.00','0.00','0.00',NULL,NULL,NULL,NULL,0,NULL,NULL,NULL,'0000-00-00 00:00:00','0000-00-00 00:00:00',NULL,'0000-00-00 00:00:00'),(36,1,NULL,'pqeb0k6h','lll','lll',1,'usd','metric','PEN','0.03147','123672.00',NULL,'2014-07-29 08:50:04','2014-07-29 08:50:04','0.00','0.00','0.00','0.00','0.00','0.00',NULL,'0.00','0.00','0.00',NULL,NULL,NULL,NULL,0,NULL,NULL,NULL,'0000-00-00 00:00:00','0000-00-00 00:00:00',NULL,'0000-00-00 00:00:00'),(38,1,NULL,'lx4vtlq7','qqqq','qqqq',1,'eur','metric','PEN','0.02338','76500.00',NULL,'2014-07-29 11:24:51','2014-07-29 11:24:51','0.00','0.00','0.00','0.00','0.00','0.00',NULL,'0.00','0.00','0.00',NULL,NULL,NULL,NULL,0,NULL,NULL,NULL,'0000-00-00 00:00:00','0000-00-00 00:00:00',NULL,'0000-00-00 00:00:00'),(39,1,NULL,'utgwzw10','zzzz','zzzz',1,'eur','metric','PEN','0.02338','90900.00',NULL,'2014-07-29 11:28:54','2014-07-29 11:28:54','0.00','0.00','0.00','0.00','0.00','0.00',NULL,'0.00','0.00','0.00',NULL,NULL,NULL,NULL,0,NULL,NULL,NULL,'0000-00-00 00:00:00','0000-00-00 00:00:00',NULL,'0000-00-00 00:00:00'),(40,1,NULL,'5ohu70ns','Acrylic Calculation','Acrylic Calculation',5,'eur','metric','PEN','0.02338','45900.00',NULL,'2014-07-30 09:32:05','2014-07-30 09:32:05','0.00','0.00','0.00','0.00','0.00','0.00',NULL,'0.00','0.00','0.00',NULL,NULL,NULL,NULL,0,NULL,NULL,NULL,'0000-00-00 00:00:00','0000-00-00 00:00:00',NULL,'0000-00-00 00:00:00'),(41,1,NULL,'6mc9s6he','bb','bb',1,'eur','metric','PEN','0.02338','81648.00',NULL,'2014-08-01 17:00:24','2014-08-01 17:00:24','0.00','0.00','0.00','0.00','0.00','0.00',NULL,'0.00','0.00','0.00',NULL,NULL,NULL,NULL,0,NULL,NULL,NULL,'0000-00-00 00:00:00','0000-00-00 00:00:00',NULL,'0000-00-00 00:00:00'),(42,1,NULL,'78fefujt','cc','cc',1,'eur','metric','PEN','0.02338','87048.00',NULL,'2014-08-01 17:21:25','2014-08-01 17:21:25','0.00','0.00','0.00','0.00','0.00','0.00',NULL,'0.00','0.00','0.00',NULL,NULL,NULL,NULL,0,NULL,NULL,NULL,'0000-00-00 00:00:00','0000-00-00 00:00:00',NULL,'0000-00-00 00:00:00'),(43,1,NULL,'pyjrhy8y','rr','rr',10,'eur','metric','EXP','0.02338','33900.00','3732.96','2014-08-02 21:18:14','2014-08-06 08:31:00','6780.00','0.00','40680.00','203400.00','10170.00','427.75','193657.75','900.00','5.40','197390.71','2628.00','200.00','565.60','339.36',0,NULL,NULL,NULL,'0000-00-00 00:00:00','0000-00-00 00:00:00',NULL,'0000-00-00 00:00:00'),(45,1,NULL,'ybmetxmh','yy','yy',5,'eur','metric','CON','0.02338','26895.00','-99.00','2014-08-02 21:21:43','2014-08-06 08:28:03','5379.00','0.00','32274.00','161370.00','8068.50','427.75','153729.25','900.00','2.70','0.00',NULL,NULL,NULL,NULL,0,NULL,NULL,NULL,'0000-00-00 00:00:00','0000-00-00 00:00:00',NULL,'0000-00-00 00:00:00'),(46,1,NULL,'nocwzo8r','yy','yy',30,'eur','metric','CON','0.02338','43500.00','12348.00','2014-08-03 18:49:37','2014-08-05 06:30:48','8700.00','0.00','52200.00','5220000.00','261000.00','427.75','4959427.75','3000.00','54.00','4971775.75',NULL,NULL,NULL,NULL,0,NULL,NULL,NULL,'0000-00-00 00:00:00','0000-00-00 00:00:00',NULL,'0000-00-00 00:00:00'),(47,1,NULL,'ACRYLICEXAMPLE','Acrylic Product Example','Acrylic Product Example',10,'eur','metric','PEN','0.02338','102320.00','4429.92','2014-08-04 08:00:27','2014-08-04 10:32:11','20464.00','0.00','122784.00','1227840.00','61392.00','427.75','1166875.75','1200.00','7.20','1171305.67','3156.00','200.00','671.20','402.72',0,NULL,NULL,NULL,'0000-00-00 00:00:00','0000-00-00 00:00:00',NULL,'0000-00-00 00:00:00'),(48,1,NULL,'INOXEXAMPLE','Inox Product Example','Inox Product Example',20,'eur','metric','PEN','0.02338','39640.00','5954.52','2014-08-04 08:03:15','2014-08-04 10:31:37','7928.00','20000.00','67568.00','1351360.00','67568.00','427.75','1284219.75','1200.00','14.40','1290174.27','4311.00','200.00','902.20','541.32',0,NULL,NULL,NULL,'0000-00-00 00:00:00','0000-00-00 00:00:00',NULL,'0000-00-00 00:00:00'),(49,1,NULL,'ACRYNOXEXAMPLE','Acrynox Product Example','Acrynox Product Example',30,'eur','metric','PEN','0.02338','96720.00','7397.28','2014-08-04 08:14:35','2014-08-04 10:31:11','19344.00','0.00','116064.00','3481920.00','174096.00','427.75','3308251.75','1200.00','21.60','3315649.03','5404.00','200.00','1120.80','672.48',0,NULL,NULL,NULL,'0000-00-00 00:00:00','0000-00-00 00:00:00',NULL,'0000-00-00 00:00:00'),(50,1,NULL,'FLATCUTEXAMPLE','Flat Cut  Product Example','Flat Cut  Product Example',12,'eur','metric','PEN','0.02338','53860.00','4952.64','2014-08-04 09:15:38','2014-08-05 08:09:22','10772.00','0.00','64632.00','646320.00','32316.00','427.75','614431.75','1200.00','8.64','619384.39','3552.00','200.00','750.40','450.24',0,NULL,NULL,NULL,'0000-00-00 00:00:00','0000-00-00 00:00:00',NULL,'0000-00-00 00:00:00'),(53,5,NULL,'EEEE10000001','Yeye','Lorem ipsum dolor sit amet, consectetur adipisicing elit, sed do eiusmod tempor incididunt ut labore et dolore magna aliqua. Ut enim ad minim veniam, quis nostrud exercitation ullamco laboris nisi ut aliquip ex ea commodo consequat. Duis aute irure dolor ',20,'usd','metric','PEN','0.03147','76620.00','6462.72','2014-08-07 07:25:43','2014-08-07 07:25:44','15324.00','0.00','91944.00','1838880.00','91944.00','476.55','1747412.55','1500.00','18.00','1753875.27','4696.00','200.00','979.20','587.52',0,NULL,NULL,NULL,'0000-00-00 00:00:00','0000-00-00 00:00:00',NULL,'0000-00-00 00:00:00'),(54,4,NULL,'DDDD10000000','cccc','sdxfsdf',1,'eur','metric','PEN','0.02338','9680.00','1527.24','2014-08-12 13:33:54','2014-08-12 13:33:55','1936.00','5000.00','16616.00','16616.00','830.80','427.75','16212.95','300.00','0.18','17740.19','957.00','200.00','231.40','138.84',0,NULL,NULL,NULL,'0000-00-00 00:00:00','0000-00-00 00:00:00',NULL,'0000-00-00 00:00:00'),(55,5,NULL,'EEEE10000002','reee','eeee',1,'eur','metric','PEN','0.02338','12050.00','1527.24','2014-08-12 13:35:09','2014-08-12 13:35:10','2410.00','0.00','14460.00','14460.00','723.00','427.75','14164.75','300.00','0.18','15691.99','957.00','200.00','231.40','138.84',0,NULL,NULL,NULL,'0000-00-00 00:00:00','0000-00-00 00:00:00',NULL,'0000-00-00 00:00:00'),(56,5,NULL,'EEEE10000003','ddddd','dddd',1,'eur','metric','PEN','0.02338','26330.00','1527.24','2014-08-12 13:37:33','2014-08-12 13:37:33','5266.00','0.00','31596.00','31596.00','1579.80','427.75','30443.95','300.00','0.18','31971.19','957.00','200.00','231.40','138.84',0,NULL,NULL,NULL,'0000-00-00 00:00:00','0000-00-00 00:00:00',NULL,'0000-00-00 00:00:00'),(57,6,NULL,'FFFF10000000','ww2','ww2',10,'eur','metric','PEN','0.02338','19360.00','3138.96','2014-08-12 15:38:40','2014-08-12 15:49:23','3872.00','10000.00','33232.00','332320.00','16616.00','427.75','316131.75','600.00','3.60','319270.71','2178.00','200.00','475.60','285.36',0,NULL,NULL,NULL,'0000-00-00 00:00:00','0000-00-00 00:00:00',NULL,'0000-00-00 00:00:00'),(58,5,NULL,'EEEE10000004','Jojo','Jojo Jojo',10,'usd','metric','PEN','0.03147','26900.00','3138.96','2014-08-13 11:25:53','2014-08-13 13:47:10','5380.00','0.00','32280.00','322800.00','16140.00','476.55','307136.55','600.00','3.60','310275.51','2178.00','200.00','475.60','285.36',0,NULL,NULL,NULL,'0000-00-00 00:00:00','0000-00-00 00:00:00',NULL,'0000-00-00 00:00:00'),(59,9,NULL,'YOYO10000000','YO Logo','YO logo',20,'usd','metric','PEN','0.03147','71430.00','24746.04','2014-08-13 14:16:43','2014-08-13 14:18:56','14286.00','30000.00','115716.00','2314320.00','115716.00','476.55','2199080.55','7200.00','86.40','2223826.59','18547.00','200.00','3749.40','2249.64',0,NULL,NULL,NULL,'0000-00-00 00:00:00','0000-00-00 00:00:00',NULL,'0000-00-00 00:00:00'),(60,1,NULL,'AAAA10000000','nike','nike log',10,'eur','metric','PEN','0.02338','11500.00','14092.32','2014-08-13 15:43:09','2014-08-13 15:51:19','2300.00','0.00','13800.00','138000.00','6900.00','427.75','131527.75','7500.00','45.00','145620.07','10476.00','200.00','2135.20','1281.12',0,NULL,NULL,NULL,'0000-00-00 00:00:00','0000-00-00 00:00:00',NULL,'0000-00-00 00:00:00'),(61,1,NULL,'AAAA10000001','PUMA Logo','PUMA Logo',1,'eur','metric','CON','0.02338','5000.00','3138.96','2014-08-13 16:20:43','2014-08-13 16:36:14','1000.00','2000.00','8000.00','8000.00','400.00','427.75','8027.75','6000.00','3.60','11166.71','2178.00','200.00','475.60','285.36',0,NULL,NULL,NULL,'0000-00-00 00:00:00','0000-00-00 00:00:00',NULL,'0000-00-00 00:00:00'),(62,1,NULL,'AAAA10000002','Adidas Logo','Adidas Logo',1,'eur','metric','PEN','0.02338','20040.00','3732.96','2014-08-13 16:59:34','2014-08-13 16:59:34','4008.00','0.00','24048.00','24048.00','1202.40','427.75','23273.35','9000.00','5.40','27006.31','2628.00','200.00','565.60','339.36',0,NULL,NULL,NULL,'0000-00-00 00:00:00','0000-00-00 00:00:00',NULL,'0000-00-00 00:00:00'),(63,1,NULL,'AAAA10000003','Reebok logo','Reebok logo',1,'eur','metric','PEN','0.02338','10150.00','2509.32','2014-08-13 17:13:33','2014-08-13 17:14:03','2030.00','0.00','12180.00','12180.00','609.00','427.75','11998.75','3500.00','2.10','14508.07','1701.00','200.00','380.20','228.12',0,NULL,NULL,NULL,'0000-00-00 00:00:00','0000-00-00 00:00:00',NULL,'0000-00-00 00:00:00'),(64,1,NULL,'AAAA10000004','Luren','Luren',1,'eur','metric','CON','0.02338','3360.00','1527.24','2014-08-13 17:24:26','2014-08-13 17:33:13','672.00','0.00','4032.00','4032.00','201.60','427.75','4258.15','300.00','0.18','5785.39','957.00','200.00','231.40','138.84',0,NULL,NULL,NULL,'0000-00-00 00:00:00','0000-00-00 00:00:00',NULL,'0000-00-00 00:00:00'),(65,6,NULL,'FFFF10000001','kkkk','dcfdf\r\ndfdf\r\nd',1,'eur','metric','CON','0.02338','48380.00','1527.24','2014-08-25 12:37:35','2014-08-25 16:04:27','9676.00','0.00','58056.00','58056.00','2902.80','427.75','55580.95','600.00','0.36','57108.19','957.00','200.00','231.40','138.84',0,NULL,NULL,NULL,'0000-00-00 00:00:00','0000-00-00 00:00:00',NULL,'0000-00-00 00:00:00'),(66,5,NULL,'EEEE10000005','ddd','ddd',1,'eur','metric','PEN','0.02338','12340.00','264.00','2014-08-25 15:10:49','2014-08-26 12:25:01','2468.00','0.00','14808.00','14808.00','740.40','427.75','14495.35','0.00','0.00','14759.35','0.00','200.00','40.00','24.00',0,NULL,NULL,NULL,'0000-00-00 00:00:00','0000-00-00 00:00:00',NULL,'0000-00-00 00:00:00'),(67,10,NULL,'ACT10000000','Example for a sign with 4 fabricated letters \"COCO\" for Acrylic','Example for a sign with 4 fabricated letters \"COCO\" for Acrylic',2,'eur','metric','PAD','0.02338','4610.00','3138.96','2014-08-27 13:15:50','2014-09-02 14:57:19','922.00','0.00','5532.00','11064.00','553.20','427.75','10938.55','3000.00','3.60','14877.51','2178.00','200.00','475.60','285.36',1,18,'800.00','5.0A:0|2.5A:1','0000-00-00 00:00:00','2014-09-02 14:57:19',NULL,'0000-00-00 00:00:00'),(68,10,NULL,'ACT10000001','Example for a sign with 4 fabricated letters \"COCO\" for Inox','Example for a sign with 4 fabricated letters \"COCO\" for Inox',2,'eur','metric','PEN','0.02338','2690.00','3138.96','2014-08-27 13:22:40','2014-09-02 14:33:10','538.00','1100.00','4328.00','8656.00','432.80','427.75','8650.95','3000.00','3.60','13389.91','2178.00','200.00','475.60','285.36',0,132,'1600.00','5.0A:1|2.5A:0','0000-00-00 00:00:00','0000-00-00 00:00:00',NULL,'0000-00-00 00:00:00'),(69,10,NULL,'ACT10000002','Example for a sign with 4 fabricated letters \"COCO\" for Acrylic for Adaptor Calculation','Example for a sign with 4 fabricated letters \"COCO\" for Acrylic for Adaptor Calculation.',2,'eur','imperial','DLV','0.02338','7500.25','3348.84','2014-08-28 14:30:46','2015-02-15 17:50:37','1500.05','0.00','9000.30','18000.60','900.03','427.75','17528.32','3429.00','4.11','22477.16','2337.00','200.00','507.40','304.44',1,132,'1600.00','5.0A:1|2.5A:0','0000-00-00 00:00:00','2015-02-15 16:00:31','DSL100001','2015-02-15 17:50:37'),(70,10,NULL,'ACT10000003','Example for a sign with 4 fabricated letters \"COCO\" for Acrylic','Example for a sign with 4 fabricated letters \"COCO\" for Acrylic',1,'eur','metric','CON','0.02338','2100.00','1527.24','2014-11-28 14:22:10','2014-11-28 15:00:15','420.00','1000.00','3520.00','3520.00','176.00','427.75','3771.75','600.00','0.36','6098.99','957.00','200.00','231.40','138.84',0,60,'800.00','5.0A:0|2.5A:1','0000-00-00 00:00:00','0000-00-00 00:00:00',NULL,'0000-00-00 00:00:00'),(71,11,NULL,'APPP10000000','test pdf in thai character','test pdf in thai character',1,'eur','metric','CON','0.02338','3740.00','1527.24','2015-01-12 16:12:13','2015-01-19 11:44:54','748.00','0.00','4488.00','4488.00','0.00','427.75','4691.35','600.00','0.36','7018.59','957.00','200.00','231.40','138.84',0,10,'800.00','5.0A:0|2.5A:1','0000-00-00 00:00:00','0000-00-00 00:00:00',NULL,'0000-00-00 00:00:00'),(74,10,NULL,'SN-2015021001','Test Acrylic Product','Test Acrylic Product',1,'eur','metric','PEN','0.02338','3580.00','1389.56','2015-02-08 18:01:42','2015-02-16 14:25:40','716.00','0.00','4296.00','4296.00','214.80','427.75','4508.95','600.00','0.36','6698.51','957.00','95.70','210.54','126.32',0,10,'800.00','5.0A:0|2.5A:1','0000-00-00 00:00:00','0000-00-00 00:00:00',NULL,'0000-00-00 00:00:00'),(75,11,NULL,'SX-2015021001','Test Inox Product','Test Inox Product',1,'eur','metric','PEN','0.02338','2100.00','1389.56','2015-02-08 18:03:27','2015-02-16 14:20:07','420.00','1000.00','3520.00','3520.00','176.00','427.75','3771.75','600.00','0.36','5961.31','957.00','95.70','210.54','126.32',0,60,'800.00','5.0A:0|2.5A:1','0000-00-00 00:00:00','0000-00-00 00:00:00',NULL,'0000-00-00 00:00:00');

/*Table structure for table `quote_detail` */

CREATE TABLE `quote_detail` (
  `quote_id` int(11) NOT NULL,
  `designType` varchar(100) COLLATE utf8_unicode_ci DEFAULT NULL,
  `letter` varchar(255) COLLATE utf8_unicode_ci DEFAULT NULL,
  `numOfLetterItem` int(11) DEFAULT NULL,
  `numOfGraphicItem` int(11) DEFAULT NULL,
  `product_id` int(11) DEFAULT NULL,
  `remark` varchar(255) COLLATE utf8_unicode_ci DEFAULT NULL,
  `scaleOption` int(11) DEFAULT NULL,
  `otherScale` varchar(255) COLLATE utf8_unicode_ci DEFAULT NULL,
  PRIMARY KEY (`quote_id`),
  KEY `IDX_14BED1D04584665A` (`product_id`),
  CONSTRAINT `FK_14BED1D04584665A` FOREIGN KEY (`product_id`) REFERENCES `product` (`id`),
  CONSTRAINT `FK_14BED1D0DB805178` FOREIGN KEY (`quote_id`) REFERENCES `quote` (`id`)
) ENGINE=InnoDB DEFAULT CHARSET=utf8 COLLATE=utf8_unicode_ci;

/*Data for the table `quote_detail` */

insert  into `quote_detail`(`quote_id`,`designType`,`letter`,`numOfLetterItem`,`numOfGraphicItem`,`product_id`,`remark`,`scaleOption`,`otherScale`) values (1,'aaaa','aaaa',NULL,2,NULL,NULL,NULL,NULL),(2,'bbbb','bbbb',NULL,4,NULL,NULL,NULL,NULL),(3,'cccc','cccc',NULL,2,NULL,NULL,NULL,NULL),(4,'dddd','dddd',NULL,2,NULL,NULL,NULL,NULL),(6,'ffff','ffff',NULL,2,NULL,NULL,NULL,NULL),(8,'gggg','gggg',NULL,3,NULL,NULL,NULL,NULL),(15,'jjjj','jjjj',NULL,3,NULL,NULL,NULL,NULL),(17,'llll','llll',NULL,5,NULL,NULL,NULL,NULL),(18,'bh','Nike',NULL,1,1,NULL,NULL,NULL),(19,'lt','MAX',NULL,0,1,NULL,NULL,NULL),(20,'lt','yyyy',NULL,5,1,NULL,NULL,NULL),(21,'lt','yy',NULL,2,1,NULL,NULL,NULL),(22,'lt','ww',NULL,2,1,NULL,NULL,NULL),(23,'bh','nnnn',NULL,1,1,NULL,NULL,NULL),(24,'lt','eeee',NULL,0,1,NULL,NULL,NULL),(25,'bh','pp',NULL,0,1,NULL,NULL,NULL),(27,'bh','yyyy',NULL,1,1,NULL,NULL,NULL),(28,'bh','88',NULL,1,1,NULL,NULL,NULL),(31,'bh','kkkk',NULL,1,1,NULL,NULL,NULL),(32,'bh','yyyy',NULL,1,1,NULL,NULL,NULL),(33,'lt','coco',NULL,0,1,NULL,NULL,NULL),(34,'lt','coco',NULL,0,1,NULL,NULL,NULL),(35,'bh','ww',NULL,1,1,NULL,NULL,NULL),(36,'bh','lll',NULL,1,1,NULL,NULL,NULL),(38,'bh','qq',NULL,1,1,NULL,NULL,NULL),(39,'bh','zz',NULL,1,1,NULL,NULL,NULL),(40,'bh','YO',NULL,1,1,NULL,NULL,NULL),(41,'bh','bb',NULL,1,3,NULL,NULL,NULL),(42,'bh','ww',NULL,1,3,NULL,NULL,NULL),(43,'bh','rr',NULL,1,1,NULL,NULL,NULL),(45,'bh','yy',NULL,1,1,NULL,NULL,NULL),(46,'bh','uu',NULL,1,1,NULL,NULL,NULL),(47,'bh','ABC',NULL,1,1,NULL,NULL,NULL),(48,'bh','FGH',NULL,1,2,NULL,NULL,NULL),(49,'bh','HJK',NULL,1,3,NULL,NULL,NULL),(50,'bh','XYZ',NULL,1,4,NULL,NULL,NULL),(53,'bh','YE',NULL,1,3,NULL,NULL,NULL),(54,'lt','1',NULL,0,2,NULL,NULL,NULL),(55,'bh','1',NULL,0,1,NULL,NULL,NULL),(56,'lg',NULL,NULL,1,1,NULL,NULL,NULL),(57,'bh','w',NULL,1,2,NULL,NULL,NULL),(58,'bh','2',NULL,1,4,NULL,NULL,NULL),(59,'bh','YO',NULL,1,2,NULL,NULL,NULL),(60,'bh','NIKE',NULL,1,1,NULL,NULL,NULL),(61,'lt','PUMA',NULL,0,2,NULL,NULL,NULL),(62,'lt','Adidas',NULL,0,3,NULL,NULL,NULL),(63,'bh','Reebok',NULL,1,4,NULL,NULL,NULL),(64,'lg',NULL,NULL,1,5,NULL,NULL,NULL),(65,'bh','a',NULL,1,3,'asdfasdf\r\nasdf',NULL,NULL),(66,'lg',NULL,NULL,1,5,'ddd',NULL,NULL),(67,'bh','CO',NULL,0,1,'Example for a sign with 4 fabricated letters \"COCO\" for Acrylic',NULL,NULL),(68,'bh','CO',NULL,0,2,'Example for a sign with 4 fabricated letters \"COCO\" for Inox',NULL,NULL),(69,'bh','CO',NULL,0,1,'Example for a sign with 4 fabricated letters \"COCO\" for Acrylic for Adaptor Calculation',NULL,NULL),(70,'bh','CO',NULL,0,2,NULL,NULL,NULL),(71,'bh','55',NULL,0,1,NULL,NULL,NULL),(74,'lt','CO',NULL,0,1,NULL,1,NULL),(75,'lt','CO',NULL,0,2,NULL,1,NULL);

/*Table structure for table `quote_document` */

CREATE TABLE `quote_document` (
  `quote_id` int(11) NOT NULL,
  `document_id` int(11) NOT NULL,
  PRIMARY KEY (`quote_id`,`document_id`),
  KEY `IDX_325322E7DB805178` (`quote_id`),
  KEY `IDX_325322E7C33F7837` (`document_id`),
  CONSTRAINT `FK_325322E7C33F7837` FOREIGN KEY (`document_id`) REFERENCES `document` (`id`),
  CONSTRAINT `FK_325322E7DB805178` FOREIGN KEY (`quote_id`) REFERENCES `quote_detail` (`quote_id`)
) ENGINE=InnoDB DEFAULT CHARSET=utf8 COLLATE=utf8_unicode_ci;

/*Data for the table `quote_document` */

insert  into `quote_document`(`quote_id`,`document_id`) values (23,1),(23,2),(24,3),(25,4),(31,5),(40,6),(53,7),(53,8),(54,9),(55,10),(56,11),(57,12),(60,13);

/*Table structure for table `quote_otherdocument` */

CREATE TABLE `quote_otherdocument` (
  `quote_id` int(11) NOT NULL,
  `document_id` int(11) NOT NULL,
  PRIMARY KEY (`quote_id`,`document_id`),
  KEY `IDX_AFDED35BDB805178` (`quote_id`),
  KEY `IDX_AFDED35BC33F7837` (`document_id`),
  CONSTRAINT `FK_AFDED35BC33F7837` FOREIGN KEY (`document_id`) REFERENCES `document` (`id`),
  CONSTRAINT `FK_AFDED35BDB805178` FOREIGN KEY (`quote_id`) REFERENCES `quote_detail` (`quote_id`)
) ENGINE=InnoDB DEFAULT CHARSET=utf8 COLLATE=utf8_unicode_ci;

/*Data for the table `quote_otherdocument` */

/*Table structure for table `transport_rate` */

CREATE TABLE `transport_rate` (
  `id` int(11) NOT NULL AUTO_INCREMENT,
  `fromWeight` decimal(10,2) NOT NULL,
  `toWeight` decimal(10,2) NOT NULL,
  `rate` decimal(10,2) NOT NULL,
  `conditionCompare` varchar(100) COLLATE utf8_unicode_ci NOT NULL,
  `formula` varchar(100) COLLATE utf8_unicode_ci DEFAULT NULL,
  PRIMARY KEY (`id`)
) ENGINE=InnoDB AUTO_INCREMENT=64 DEFAULT CHARSET=utf8 COLLATE=utf8_unicode_ci;

/*Data for the table `transport_rate` */

insert  into `transport_rate`(`id`,`fromWeight`,`toWeight`,`rate`,`conditionCompare`,`formula`) values (1,'0.50','0.50','957.00','=',' '),(2,'1.00','1.00','1143.00','=',' '),(3,'1.50','1.50','1329.00','=',' '),(4,'2.00','2.00','1515.00','=',' '),(5,'2.50','2.50','1701.00','=',' '),(6,'3.00','3.00','1860.00','=',' '),(7,'3.50','3.50','2019.00','=',' '),(8,'4.00','4.00','2178.00','=',' '),(9,'4.50','4.50','2337.00','=',' '),(10,'5.00','5.00','2496.00','=',' '),(11,'5.50','5.50','2628.00','=',' '),(12,'6.00','6.00','2760.00','=',' '),(13,'6.50','6.50','2892.00','=',' '),(14,'7.00','7.00','3024.00','=',' '),(15,'7.50','7.50','3156.00','=',' '),(16,'8.00','8.00','3288.00','=',' '),(17,'8.50','8.50','3420.00','=',' '),(18,'9.00','9.00','3552.00','=',' '),(19,'9.50','9.50','3684.00','=',' '),(20,'10.00','10.00','3816.00','=',' '),(21,'10.50','10.50','3871.00','=',' '),(22,'11.00','11.00','3926.00','=',' '),(23,'11.50','11.50','3981.00','=',' '),(24,'12.00','12.00','4036.00','=',' '),(25,'12.50','12.50','4091.00','=',' '),(26,'13.00','13.00','4146.00','=',' '),(27,'13.50','13.50','4201.00','=',' '),(28,'14.00','14.00','4256.00','=',' '),(29,'14.50','14.50','4311.00','=',' '),(30,'15.00','15.00','4366.00','=',' '),(31,'15.50','15.50','4421.00','=',' '),(32,'16.00','16.00','4476.00','=',' '),(33,'16.50','16.50','4531.00','=',' '),(34,'17.00','17.00','4586.00','=',' '),(35,'17.50','17.50','4641.00','=',' '),(36,'18.00','18.00','4696.00','=',' '),(37,'18.50','18.50','4751.00','=',' '),(38,'19.00','19.00','4806.00','=',' '),(39,'19.50','19.50','4861.00','=',' '),(40,'20.00','20.00','4916.00','=',' '),(41,'20.50','20.50','5038.00','=',' '),(42,'21.00','21.00','5160.00','=',' '),(43,'21.50','21.50','5282.00','=',' '),(44,'22.00','22.00','5404.00','=',' '),(45,'22.50','22.50','5526.00','=',' '),(46,'23.00','23.00','5648.00','=',' '),(47,'23.50','23.50','5770.00','=',' '),(48,'24.00','24.00','5892.00','=',' '),(49,'24.50','24.50','6014.00','=',' '),(50,'25.00','25.00','6136.00','=',' '),(51,'25.50','25.50','6258.00','=',' '),(52,'26.00','26.00','6380.00','=',' '),(53,'26.50','26.50','6502.00','=',' '),(54,'27.00','27.00','6624.00','=',' '),(55,'27.50','27.50','6746.00','=',' '),(56,'28.00','28.00','6868.00','=',' '),(57,'28.50','28.50','6990.00','=',' '),(58,'29.00','29.00','7112.00','=',' '),(59,'29.50','29.50','7234.00','=',' '),(60,'30.00','30.00','7356.00','<=',' '),(61,'30.50','70.00','208.00','>',' '),(62,'70.50','300.00','174.00','>',' '),(63,'300.50','99999.00','172.00','>',' ');

/*Table structure for table `transport_rate_copy` */

CREATE TABLE `transport_rate_copy` (
  `id` int(11) NOT NULL AUTO_INCREMENT,
  `key` varchar(100) COLLATE utf8_unicode_ci NOT NULL,
  `rate` decimal(10,2) NOT NULL,
  `condition` varchar(100) COLLATE utf8_unicode_ci NOT NULL,
  `formula` varchar(100) COLLATE utf8_unicode_ci DEFAULT NULL,
  PRIMARY KEY (`id`)
) ENGINE=InnoDB DEFAULT CHARSET=utf8 COLLATE=utf8_unicode_ci;

/*Data for the table `transport_rate_copy` */

/*Table structure for table `user_detail` */

CREATE TABLE `user_detail` (
  `user_id` int(11) NOT NULL,
  `company_id` int(11) DEFAULT NULL,
  `name` varchar(100) COLLATE utf8_unicode_ci DEFAULT NULL,
  PRIMARY KEY (`user_id`),
  KEY `IDX_4B5464AE979B1AD6` (`company_id`),
  CONSTRAINT `FK_4B5464AE979B1AD6` FOREIGN KEY (`company_id`) REFERENCES `company` (`id`),
  CONSTRAINT `FK_4B5464AEA76ED395` FOREIGN KEY (`user_id`) REFERENCES `user_user` (`id`)
) ENGINE=InnoDB DEFAULT CHARSET=utf8 COLLATE=utf8_unicode_ci;

/*Data for the table `user_detail` */

insert  into `user_detail`(`user_id`,`company_id`,`name`) values (2,1,'aaaa'),(4,3,'mr_tukkae1@hotmail.com'),(5,4,'dddd dddd'),(6,5,'eeee eeee'),(7,6,'ffff'),(8,7,'qqqq qqqq'),(9,8,'brian'),(10,9,'yoyo@example.com'),(11,10,'nattapon@ascentec.net'),(12,11,'mr_tukkae@hotmail.com'),(13,12,'mr_tukkaesss'),(14,13,'4444@hotmail.com1'),(15,14,'5555@hotmail.com'),(17,16,'dsfa@hotmail.com'),(18,17,'sales@signinox.com'),(22,18,'poweruser@hotmail.com');

/*Table structure for table `user_user` */

CREATE TABLE `user_user` (
  `id` int(11) NOT NULL AUTO_INCREMENT,
  `username` varchar(255) COLLATE utf8_unicode_ci NOT NULL,
  `username_canonical` varchar(255) COLLATE utf8_unicode_ci NOT NULL,
  `email` varchar(255) COLLATE utf8_unicode_ci NOT NULL,
  `email_canonical` varchar(255) COLLATE utf8_unicode_ci NOT NULL,
  `enabled` tinyint(1) NOT NULL,
  `salt` varchar(255) COLLATE utf8_unicode_ci NOT NULL,
  `password` varchar(255) COLLATE utf8_unicode_ci NOT NULL,
  `last_login` datetime DEFAULT NULL,
  `locked` tinyint(1) NOT NULL,
  `expired` tinyint(1) NOT NULL,
  `expires_at` datetime DEFAULT NULL,
  `confirmation_token` varchar(255) COLLATE utf8_unicode_ci DEFAULT NULL,
  `password_requested_at` datetime DEFAULT NULL,
  `roles` longtext COLLATE utf8_unicode_ci NOT NULL COMMENT '(DC2Type:array)',
  `credentials_expired` tinyint(1) NOT NULL,
  `credentials_expire_at` datetime DEFAULT NULL,
  PRIMARY KEY (`id`),
  UNIQUE KEY `UNIQ_F7129A8092FC23A8` (`username_canonical`),
  UNIQUE KEY `UNIQ_F7129A80A0D96FBF` (`email_canonical`)
) ENGINE=InnoDB AUTO_INCREMENT=24 DEFAULT CHARSET=utf8 COLLATE=utf8_unicode_ci;

/*Data for the table `user_user` */

insert  into `user_user`(`id`,`username`,`username_canonical`,`email`,`email_canonical`,`enabled`,`salt`,`password`,`last_login`,`locked`,`expired`,`expires_at`,`confirmation_token`,`password_requested_at`,`roles`,`credentials_expired`,`credentials_expire_at`) values (1,'admin','admin','admin@hotmail.com','admin@hotmail.com',1,'t4fypu4n8iokk0wcwk4wk8wo84s4wcs','tzeGhYW74aejmMWpVNREXmIUpfLo3FEdGS13Ha/kX/2D/tJLk4NbCjjsBBpcQa1AtBlWmqZsctANuhtNs/QXug==','2015-02-16 13:03:04',0,0,NULL,NULL,NULL,'a:1:{i:0;s:16:\"ROLE_SUPER_ADMIN\";}',0,NULL),(2,'aaaa','aaaa','aaaa@hotmail.com','aaaa@hotmail.com',1,'ij461ytxapcs8gs40wsogc4k0g0w0wg','+FYtM3SMApTlBJMIPiyzekwwBAklEKKPMxoLzt5E0xxT6QsHqN93ypImDo1E452tkEFDa2IdWcbFK2TQued9KQ==','2014-08-13 16:25:03',0,0,NULL,NULL,NULL,'a:0:{}',0,NULL),(4,'mr_tukkae1@hotmail.com','mr_tukkae1@hotmail.com','mr_tukkae1@hotmail.com','mr_tukkae1@hotmail.com',1,'g24nzu1exeokoogw0sso8koksc0wc00','vSy3MaSoJ31hopVhTlyxsbdUZLZJgMN2UFan7XN8AF2GyeBKwjITV2bEgY2yL06yTMw/LsF35GX8fbI/9xs6pw==','2014-08-06 07:49:40',0,0,NULL,NULL,NULL,'a:0:{}',0,NULL),(5,'dddd','dddd','dddd@hotmail.com','dddd@hotmail.com',0,'23lyfudbqbi84ocgsoo888ogscg4ssc','qRHHtS5dqcq3Bv19W4icQdNgxy9UH/fNAac9Z/CVAnGco+01bsI205k536YXe+wmJbWMmEWxIq89FM3031lVpg==',NULL,0,0,NULL,NULL,NULL,'a:0:{}',0,NULL),(6,'eeee','eeee','eeee@hotmail.com','eeee@hotmail.com',1,'bryts85xwqgwoc80808gs4cgo4oggw8','2Hj6u7VbJls8483wi6rwyZs1ia07mpVoKe9sQTH4ddtAo32w2E58upm9VwwxusPc5oK2aEdkZ5pCTQw2U6OaWw==','2014-07-17 15:20:01',0,0,NULL,NULL,NULL,'a:0:{}',0,NULL),(7,'ffff','ffff','ffff@hotmail.com','ffff@hotmail.com',1,'lkixgsnfiuooc00kwcwkos4ggwkk4kk','w3vUgm/hwMXdZVfnPx8Gk9PxGSaejs9TzFLqYxEbYTkrOBUkyC5EjHmiXZO/rBxQW3tdCXk1yKMKg16rZefjSw==',NULL,0,0,NULL,NULL,NULL,'a:0:{}',0,NULL),(8,'qqqq qqqq','qqqq qqqq','qqqq@example.com','qqqq@example.com',1,'klhkw84pgogokgss4wkcog4css0440c','8fuuOQ0pzFbrKMZ3tZ81dqWVaPdpcolOXOVPNP6usUXhBpHQNnX94YnAGrVZSaYeHc7Y8XRldNphccc6AWaS5g==',NULL,0,0,NULL,NULL,NULL,'a:0:{}',0,NULL),(9,'brianmax','brianmax','brian@ascentec.net','brian@ascentec.net',1,'g3b92aud5e88s8ko4k00ckk44kok804','2Nsb0sac6+8kyYLESwKAU3j/YEx8TSJmIMhE6IVcJepYM1x/x/pap6hht+IEkyuaMgmHacX5nOJCGpHLOQ3qTg==','2014-07-21 08:01:24',0,0,NULL,NULL,NULL,'a:0:{}',0,NULL),(10,'yoyo@example.com','yoyo@example.com','yoyo@example.com','yoyo@example.com',1,'mw9pyu5h268w0ck80wocsokksc440sw','QWQRm/cPW/yJHE4i1F/mf/pMfxhjidTarAOWILoa/dC59UGczpgL7hLo/jotMgdk6GgRLq/WIxPdXB4oCsZ5OQ==','2014-08-13 14:23:52',0,0,NULL,NULL,NULL,'a:0:{}',0,NULL),(11,'nattapon@ascentec.net','nattapon@ascentec.net','nattapon@ascentec.net','nattapon@ascentec.net',1,'mxe9fvb5w34oggg84o4wwck08s4sk0c','Oz1AgCQfoZ4xkHzRJRHXU1BpG08tdjA72qQTg7j08YaSxD7v7h/CsHHpaPfTfqoieIvDGgSe4cEo3Gnv3csflA==',NULL,0,0,NULL,NULL,NULL,'a:0:{}',0,NULL),(12,'mr_tukkae@hotmail.com','mr_tukkae@hotmail.com','mr_tukkae@hotmail.com','mr_tukkae@hotmail.com',1,'5vz8pid9vh4wcgs0go0sgk4kggsc80k','ggh3pro8z+0rB8Bf57EDl0Sks4WavQ9GgSiPKie+whqz8LNgxA71BGCshizOHfozW/hcOWTW5z3LPrsf+1SU9w==',NULL,0,0,NULL,NULL,NULL,'a:0:{}',0,NULL),(13,'mr_tukkaesss','mr_tukkaesss','mr_tukkaesss','mr_tukkaesss',1,'nmyabklg1cgcockww8kss80gsokcsok','p17lnX2Ic/La6iuciDInUrVHrrfisdBHXLsIV95U8J0KlZcw1aF/IvMu1OfL6VnT+L81S9vffDZrh8BOZvyZNQ==',NULL,0,0,NULL,NULL,NULL,'a:0:{}',0,NULL),(14,'4444@hotmail.com1','4444@hotmail.com1','4444@hotmail.com1','4444@hotmail.com1',1,'etlqpos4lqo8w44k0sc0sw088c0kgsw','hpIBE3ASt/EOw8e/MEHFdlbe6/Mxp1Rv2Thf5tw9opN9StShFyW7jh1zE3mj16h8+X9BpMthU2mGgAE0CUNxjQ==',NULL,0,0,NULL,NULL,NULL,'a:0:{}',0,NULL),(15,'5555@hotmail.com','5555@hotmail.com','5555@hotmail.com','5555@hotmail.com',1,'5bgp7jxsv7s4kko4848c4gok0o0o0k4','UiVCaapM1Uxe+dgNpEoGKMRGx9FEUojDGEGRI0DK4VjFHgEcXUKZ+0oBqWZZDXyGjGEOuSFYf75Q7q/kiI03BA==','2015-01-19 11:38:46',0,0,NULL,NULL,NULL,'a:0:{}',0,NULL),(16,'ttttttt@hotmail.com','ttttttt@hotmail.com','ttttttt@hotmail.com','ttttttt@hotmail.com',1,'kxo4a9tjmyo00gk88c8kwogk8c8koo0','SdiuIp/y6wZtT93WLcIEQc/exFb1H8hDFC1UQ7xAt/M/FdsutoYxylkWQjRaPQIqPhVyw51gLOZFRIXaxCtIig==',NULL,0,0,NULL,NULL,NULL,'a:0:{}',0,NULL),(17,'dsfa@hotmail.com','dsfa@hotmail.com','dsfa@hotmail.com','dsfa@hotmail.com',1,'bs5aj59ct9ssgg8kws0s0kcsssos08w','ozxUqgQGGt/PQWFyunY51bxJ/O88c99gMdfr900nTakcJ451cNH9plOF7PIq6ot30qvtdOvJ/sRSDtwlriyNRw==',NULL,0,0,NULL,NULL,NULL,'a:0:{}',0,NULL),(18,'sales@signinox.com','sales@signinox.com','sales@signinox.com','sales@signinox.com',1,'b9enjqzlyooc40wcogcggcg40k48ocw','LBix6tP7t1ujr2H7BWt1AReEvy0Re7C2HL+w53t0L29RRaYMT5Lsfr9mOkYWmG0edYSvJS913XLKZ481seck6A==',NULL,0,0,NULL,NULL,NULL,'a:0:{}',0,NULL),(22,'poweruser@hotmail.com','poweruser@hotmail.com','poweruser@hotmail.com','poweruser@hotmail.com',1,'bv489r2ylb4kw8ok0w4o4so44kk8s4o','g3ooDmApMlJ0O95gBFfqjICmNpkwbX9oCd1S8A0/cdpX/QmuJRX06g1LZEu141xWMCM+QsTiMxrsTGOuMe/VHQ==','2015-02-16 15:46:52',0,0,NULL,NULL,NULL,'a:1:{i:0;s:10:\"ROLE_ADMIN\";}',0,NULL);

/*Table structure for table `variable` */

CREATE TABLE `variable` (
  `id` int(11) NOT NULL AUTO_INCREMENT,
  `name` varchar(100) COLLATE utf8_unicode_ci NOT NULL,
  `value` varchar(255) COLLATE utf8_unicode_ci NOT NULL,
  `token` varchar(255) COLLATE utf8_unicode_ci NOT NULL,
  `slug` varchar(100) COLLATE utf8_unicode_ci NOT NULL,
  `helpText` varchar(255) COLLATE utf8_unicode_ci DEFAULT NULL,
  PRIMARY KEY (`id`),
  UNIQUE KEY `UNIQ_CC4D878D5E237E06` (`name`),
  UNIQUE KEY `UNIQ_CC4D878D5F37A13B` (`token`),
  UNIQUE KEY `UNIQ_CC4D878D989D9B62` (`slug`)
) ENGINE=InnoDB AUTO_INCREMENT=42 DEFAULT CHARSET=utf8 COLLATE=utf8_unicode_ci;

/*Data for the table `variable` */

insert  into `variable`(`id`,`name`,`value`,`token`,`slug`,`helpText`) values (1,'Margin','0.2','%margin%','margin',''),(2,'Discount','0.05','%discount%','discount',''),(3,'Admin Fee EUR','10.0','%admin-fee-eur%','admin-fee-eur',''),(4,'Admin Fee USD','15.0','%admin-fee-usd%','admin-fee-usd',''),(5,'Transportation Remote Area Surcharge %','0.1','%transport-remote-area-surcharge%','transport-remote-area-surcharge',''),(6,'Transportation Fuel Surcharge %','0.2','%transport-fuel-surcharge%','transport-fuel-surcharge',''),(7,'Transportation Safety Surcharge %','0.1','%transport-safety-surcharge%','transport-safety-surcharge',''),(8,'Coefficient Led-Return','0.75','%coefficient-led-return%','coefficient-led-return',''),(9,'Coefficient Led-Face','5.0','%coefficient-led-face%','coefficient-led-face',''),(10,'Coefficient Volume Transport','3.0','%coefficient-volume-transport%','coefficient-volume-transport',''),(11,'Volume To Weight Dhl','5000.0','%volume-to-weight-dhl%','volume-to-weight-dhl',''),(12,'Global Message (en)','Please note that our office will be closed from 13-Apr to 15-Apr as this is a Thai holiday','%global-message-en%','global-message-en',''),(13,'Global Message (fr)','S\'il vous plaît noter que notre bureau sera fermé du 13 avril au 15-Apr car c\'est un jour férié Thai','%global-message-fr%','global-message-fr',''),(14,'Quotation Validity Period','30','%quotation-validity-period%','quotation-validity-period',NULL),(15,'Emails (bcc)','nattapon@ascentec.net','%emails-bcc%','emails-bcc',NULL),(16,'Email (from)','nattapon@ascentec.net','%email-from%','email-from',NULL),(17,'Delivery Period','15','%order-delivery-period%','order-delivery-period',NULL),(18,'Led Quantity Calculation Face','0.5*%s%','%led-quantity-calculation-face%','led-quantity-calculation-face',NULL),(19,'Led Quantity Calculation Return','0.3*%p%','%led-quantity-calculation-return%','led-quantity-calculation-return',NULL),(20,'Led Adaptor 2.5A Capacity','75','%led-adaptor-2.5a-capacity%','led-adaptor-2.5a-capacity',NULL),(21,'Led Adaptor 5A Capacity','150','%led-adaptor-5a-capacity%','led-adaptor-5a-capacity',NULL),(22,'Led Adaptor 2.5A Rate','800.0','%led-adaptor-2.5a-rate%','led-adaptor-2.5a-rate',NULL),(23,'Led Adaptor 5A Rate','1600.0','%led-adaptor-5a-rate%','led-adaptor-5a-rate',NULL),(24,'Margin - Acrylic','0.2','%margin-acrylic%','margin-acrylic',NULL),(28,'Margin - Inox','0.2','%margin-inox%','margin-inox',NULL),(30,'Margin - Acrynox','0.2','%margin-acrynox%','margin-acrynox',NULL),(34,'Margin - Flatcut','0.2','%margin-flatcut%','margin-flatcut',NULL),(35,'Margin - Plague','0.2','%margin-plaque%','margin-plaque',NULL),(36,'Emails (bcc) - Signinox Co., Ltds','nattapon@ascentec.net','%emails-bcc-signinox%','emails-bcc-signinox',NULL),(37,'Email (from) - Signinox Co., Ltds','nattapon@ascentec.net','%email-from-signinox%','email-from-signinox',NULL),(38,'Emails (bcc) - Signifique Co., Ltds','mr_tukkae@hotmail.com','%emails-bcc-signifique%','emails-bcc-signifique',NULL),(39,'Email (from) - Signifique Co., Ltds','nattapon@ascentec.net','%email-from-signifique%','email-from-signifique',NULL);

/*!40101 SET SQL_MODE=@OLD_SQL_MODE */;
/*!40014 SET FOREIGN_KEY_CHECKS=@OLD_FOREIGN_KEY_CHECKS */;
/*!40014 SET UNIQUE_CHECKS=@OLD_UNIQUE_CHECKS */;
/*!40111 SET SQL_NOTES=@OLD_SQL_NOTES */;
